corner,v_volt,t_celsius,seg0,seg1,seg2,seg3,seg_label,pattern,pat_name,predictor,status,sta_path_delay_ns,sta_slack_ns,sta_slack_met,predicted_fmax_mhz,predicted_period_ns,cal_k,predicted_fmax_mhz_cal,predicted_period_ns_cal,ro_gen_count_win0,ro_gen_count_win1,ro_gen_count_win2,ro_gen_count_win3,ro_gen_fosc_mhz,ro_mat_count_win0,ro_mat_count_win1,ro_mat_count_win2,ro_mat_count_win3,ro_mat_fosc_mhz,run_id,git_commit,librelane_image,pdk_rev,model_version
nom_fast_1p32V_m40C,1.32,-40,0,0,0,0,0000,0,prbs,sta,ok,3.44,16.24,True,266.0,3.759,1.0,266.0,3.759,1896,7585,30340,121362,370.37,577,2311,9246,36984,112.867,33839023290,1e31757e50080b19fa7642b8b9cd6822f64b1d11,ghcr.io/librelane/librelane:3.0.5,c4b8b4e5e7a05f375cca3815d51b3a37721fbf5c,tpv-predict-1.0.1
nom_fast_1p32V_m40C,1.32,-40,0,0,0,0,0000,0,prbs,ro_gen,ok,3.44,16.24,True,260.2,3.843,1.0,260.2,3.843,1896,7585,30340,121362,370.37,577,2311,9246,36984,112.867,33839023290,1e31757e50080b19fa7642b8b9cd6822f64b1d11,ghcr.io/librelane/librelane:3.0.5,c4b8b4e5e7a05f375cca3815d51b3a37721fbf5c,tpv-predict-1.0.1
nom_fast_1p32V_m40C,1.32,-40,0,0,0,0,0000,0,prbs,ro_mat,ok,3.44,16.24,True,267.8,3.734,1.0,267.8,3.734,1896,7585,30340,121362,370.37,577,2311,9246,36984,112.867,33839023290,1e31757e50080b19fa7642b8b9cd6822f64b1d11,ghcr.io/librelane/librelane:3.0.5,c4b8b4e5e7a05f375cca3815d51b3a37721fbf5c,tpv-predict-1.0.1
nom_fast_1p32V_m40C,1.32,-40,0,0,0,0,0000,1,worst,sta,ok,3.49,16.17,True,261.1,3.83,1.0,261.1,3.83,1896,7585,30340,121362,370.37,577,2311,9246,36984,112.867,33839023290,1e31757e50080b19fa7642b8b9cd6822f64b1d11,ghcr.io/librelane/librelane:3.0.5,c4b8b4e5e7a05f375cca3815d51b3a37721fbf5c,tpv-predict-1.0.1
nom_fast_1p32V_m40C,1.32,-40,0,0,0,0,0000,1,worst,ro_gen,ok,3.49,16.17,True,255.6,3.912,1.0,255.6,3.912,1896,7585,30340,121362,370.37,577,2311,9246,36984,112.867,33839023290,1e31757e50080b19fa7642b8b9cd6822f64b1d11,ghcr.io/librelane/librelane:3.0.5,c4b8b4e5e7a05f375cca3815d51b3a37721fbf5c,tpv-predict-1.0.1
nom_fast_1p32V_m40C,1.32,-40,0,0,0,0,0000,1,worst,ro_mat,ok,3.49,16.17,True,263.2,3.799,1.0,263.2,3.799,1896,7585,30340,121362,370.37,577,2311,9246,36984,112.867,33839023290,1e31757e50080b19fa7642b8b9cd6822f64b1d11,ghcr.io/librelane/librelane:3.0.5,c4b8b4e5e7a05f375cca3815d51b3a37721fbf5c,tpv-predict-1.0.1
nom_fast_1p32V_m40C,1.32,-40,0,0,0,0,0000,2,alt,sta,ok,0.79,18.86,True,877.2,1.14,1.0,877.2,1.14,1896,7585,30340,121362,370.37,577,2311,9246,36984,112.867,33839023290,1e31757e50080b19fa7642b8b9cd6822f64b1d11,ghcr.io/librelane/librelane:3.0.5,c4b8b4e5e7a05f375cca3815d51b3a37721fbf5c,tpv-predict-1.0.1
nom_fast_1p32V_m40C,1.32,-40,0,0,0,0,0000,2,alt,ro_gen,ok,0.79,18.86,True,912.2,1.096,1.0,912.2,1.096,1896,7585,30340,121362,370.37,577,2311,9246,36984,112.867,33839023290,1e31757e50080b19fa7642b8b9cd6822f64b1d11,ghcr.io/librelane/librelane:3.0.5,c4b8b4e5e7a05f375cca3815d51b3a37721fbf5c,tpv-predict-1.0.1
nom_fast_1p32V_m40C,1.32,-40,0,0,0,0,0000,2,alt,ro_mat,ok,0.79,18.86,True,939.1,1.065,1.0,939.1,1.065,1896,7585,30340,121362,370.37,577,2311,9246,36984,112.867,33839023290,1e31757e50080b19fa7642b8b9cd6822f64b1d11,ghcr.io/librelane/librelane:3.0.5,c4b8b4e5e7a05f375cca3815d51b3a37721fbf5c,tpv-predict-1.0.1
nom_fast_1p32V_m40C,1.32,-40,0,0,0,0,0000,3,hold,sta,no_runtime_path,,,,,,1.0,,,1896,7585,30340,121362,370.37,577,2311,9246,36984,112.867,33839023290,1e31757e50080b19fa7642b8b9cd6822f64b1d11,ghcr.io/librelane/librelane:3.0.5,c4b8b4e5e7a05f375cca3815d51b3a37721fbf5c,tpv-predict-1.0.1
nom_fast_1p32V_m40C,1.32,-40,0,0,0,0,0000,3,hold,ro_gen,no_runtime_path,,,,,,1.0,,,1896,7585,30340,121362,370.37,577,2311,9246,36984,112.867,33839023290,1e31757e50080b19fa7642b8b9cd6822f64b1d11,ghcr.io/librelane/librelane:3.0.5,c4b8b4e5e7a05f375cca3815d51b3a37721fbf5c,tpv-predict-1.0.1
nom_fast_1p32V_m40C,1.32,-40,0,0,0,0,0000,3,hold,ro_mat,no_runtime_path,,,,,,1.0,,,1896,7585,30340,121362,370.37,577,2311,9246,36984,112.867,33839023290,1e31757e50080b19fa7642b8b9cd6822f64b1d11,ghcr.io/librelane/librelane:3.0.5,c4b8b4e5e7a05f375cca3815d51b3a37721fbf5c,tpv-predict-1.0.1
nom_fast_1p32V_m40C,1.32,-40,1,1,1,1,1111,0,prbs,sta,ok,5.88,13.79,True,161.0,6.211,1.0,161.0,6.211,1896,7585,30340,121362,370.37,577,2311,9246,36984,112.867,33839023290,1e31757e50080b19fa7642b8b9cd6822f64b1d11,ghcr.io/librelane/librelane:3.0.5,c4b8b4e5e7a05f375cca3815d51b3a37721fbf5c,tpv-predict-1.0.1
nom_fast_1p32V_m40C,1.32,-40,1,1,1,1,1111,0,prbs,ro_gen,ok,5.88,13.79,True,159.9,6.254,1.0,159.9,6.254,1896,7585,30340,121362,370.37,577,2311,9246,36984,112.867,33839023290,1e31757e50080b19fa7642b8b9cd6822f64b1d11,ghcr.io/librelane/librelane:3.0.5,c4b8b4e5e7a05f375cca3815d51b3a37721fbf5c,tpv-predict-1.0.1
nom_fast_1p32V_m40C,1.32,-40,1,1,1,1,1111,0,prbs,ro_mat,ok,5.88,13.79,True,164.6,6.075,1.0,164.6,6.075,1896,7585,30340,121362,370.37,577,2311,9246,36984,112.867,33839023290,1e31757e50080b19fa7642b8b9cd6822f64b1d11,ghcr.io/librelane/librelane:3.0.5,c4b8b4e5e7a05f375cca3815d51b3a37721fbf5c,tpv-predict-1.0.1
nom_fast_1p32V_m40C,1.32,-40,1,1,1,1,1111,1,worst,sta,ok,5.9399999999999995,13.72,True,159.2,6.281,1.0,159.2,6.281,1896,7585,30340,121362,370.37,577,2311,9246,36984,112.867,33839023290,1e31757e50080b19fa7642b8b9cd6822f64b1d11,ghcr.io/librelane/librelane:3.0.5,c4b8b4e5e7a05f375cca3815d51b3a37721fbf5c,tpv-predict-1.0.1
nom_fast_1p32V_m40C,1.32,-40,1,1,1,1,1111,1,worst,ro_gen,ok,5.9399999999999995,13.72,True,158.1,6.325,1.0,158.1,6.325,1896,7585,30340,121362,370.37,577,2311,9246,36984,112.867,33839023290,1e31757e50080b19fa7642b8b9cd6822f64b1d11,ghcr.io/librelane/librelane:3.0.5,c4b8b4e5e7a05f375cca3815d51b3a37721fbf5c,tpv-predict-1.0.1
nom_fast_1p32V_m40C,1.32,-40,1,1,1,1,1111,1,worst,ro_mat,ok,5.9399999999999995,13.72,True,162.8,6.143,1.0,162.8,6.143,1896,7585,30340,121362,370.37,577,2311,9246,36984,112.867,33839023290,1e31757e50080b19fa7642b8b9cd6822f64b1d11,ghcr.io/librelane/librelane:3.0.5,c4b8b4e5e7a05f375cca3815d51b3a37721fbf5c,tpv-predict-1.0.1
nom_fast_1p32V_m40C,1.32,-40,1,1,1,1,1111,2,alt,sta,ok,0.79,18.86,True,877.2,1.14,1.0,877.2,1.14,1896,7585,30340,121362,370.37,577,2311,9246,36984,112.867,33839023290,1e31757e50080b19fa7642b8b9cd6822f64b1d11,ghcr.io/librelane/librelane:3.0.5,c4b8b4e5e7a05f375cca3815d51b3a37721fbf5c,tpv-predict-1.0.1
nom_fast_1p32V_m40C,1.32,-40,1,1,1,1,1111,2,alt,ro_gen,ok,0.79,18.86,True,912.2,1.096,1.0,912.2,1.096,1896,7585,30340,121362,370.37,577,2311,9246,36984,112.867,33839023290,1e31757e50080b19fa7642b8b9cd6822f64b1d11,ghcr.io/librelane/librelane:3.0.5,c4b8b4e5e7a05f375cca3815d51b3a37721fbf5c,tpv-predict-1.0.1
nom_fast_1p32V_m40C,1.32,-40,1,1,1,1,1111,2,alt,ro_mat,ok,0.79,18.86,True,939.1,1.065,1.0,939.1,1.065,1896,7585,30340,121362,370.37,577,2311,9246,36984,112.867,33839023290,1e31757e50080b19fa7642b8b9cd6822f64b1d11,ghcr.io/librelane/librelane:3.0.5,c4b8b4e5e7a05f375cca3815d51b3a37721fbf5c,tpv-predict-1.0.1
nom_fast_1p32V_m40C,1.32,-40,1,1,1,1,1111,3,hold,sta,no_runtime_path,,,,,,1.0,,,1896,7585,30340,121362,370.37,577,2311,9246,36984,112.867,33839023290,1e31757e50080b19fa7642b8b9cd6822f64b1d11,ghcr.io/librelane/librelane:3.0.5,c4b8b4e5e7a05f375cca3815d51b3a37721fbf5c,tpv-predict-1.0.1
nom_fast_1p32V_m40C,1.32,-40,1,1,1,1,1111,3,hold,ro_gen,no_runtime_path,,,,,,1.0,,,1896,7585,30340,121362,370.37,577,2311,9246,36984,112.867,33839023290,1e31757e50080b19fa7642b8b9cd6822f64b1d11,ghcr.io/librelane/librelane:3.0.5,c4b8b4e5e7a05f375cca3815d51b3a37721fbf5c,tpv-predict-1.0.1
nom_fast_1p32V_m40C,1.32,-40,1,1,1,1,1111,3,hold,ro_mat,no_runtime_path,,,,,,1.0,,,1896,7585,30340,121362,370.37,577,2311,9246,36984,112.867,33839023290,1e31757e50080b19fa7642b8b9cd6822f64b1d11,ghcr.io/librelane/librelane:3.0.5,c4b8b4e5e7a05f375cca3815d51b3a37721fbf5c,tpv-predict-1.0.1
nom_fast_1p32V_m40C,1.32,-40,2,2,2,2,2222,0,prbs,sta,ok,8.319999999999999,11.35,True,115.6,8.651,1.0,115.6,8.651,1896,7585,30340,121362,370.37,577,2311,9246,36984,112.867,33839023290,1e31757e50080b19fa7642b8b9cd6822f64b1d11,ghcr.io/librelane/librelane:3.0.5,c4b8b4e5e7a05f375cca3815d51b3a37721fbf5c,tpv-predict-1.0.1
nom_fast_1p32V_m40C,1.32,-40,2,2,2,2,2222,0,prbs,ro_gen,ok,8.319999999999999,11.35,True,115.6,8.651,1.0,115.6,8.651,1896,7585,30340,121362,370.37,577,2311,9246,36984,112.867,33839023290,1e31757e50080b19fa7642b8b9cd6822f64b1d11,ghcr.io/librelane/librelane:3.0.5,c4b8b4e5e7a05f375cca3815d51b3a37721fbf5c,tpv-predict-1.0.1
nom_fast_1p32V_m40C,1.32,-40,2,2,2,2,2222,0,prbs,ro_mat,ok,8.319999999999999,11.35,True,119.0,8.403,1.0,119.0,8.403,1896,7585,30340,121362,370.37,577,2311,9246,36984,112.867,33839023290,1e31757e50080b19fa7642b8b9cd6822f64b1d11,ghcr.io/librelane/librelane:3.0.5,c4b8b4e5e7a05f375cca3815d51b3a37721fbf5c,tpv-predict-1.0.1
nom_fast_1p32V_m40C,1.32,-40,2,2,2,2,2222,1,worst,sta,ok,8.379999999999999,11.28,True,114.7,8.718,1.0,114.7,8.718,1896,7585,30340,121362,370.37,577,2311,9246,36984,112.867,33839023290,1e31757e50080b19fa7642b8b9cd6822f64b1d11,ghcr.io/librelane/librelane:3.0.5,c4b8b4e5e7a05f375cca3815d51b3a37721fbf5c,tpv-predict-1.0.1
nom_fast_1p32V_m40C,1.32,-40,2,2,2,2,2222,1,worst,ro_gen,ok,8.379999999999999,11.28,True,114.7,8.718,1.0,114.7,8.718,1896,7585,30340,121362,370.37,577,2311,9246,36984,112.867,33839023290,1e31757e50080b19fa7642b8b9cd6822f64b1d11,ghcr.io/librelane/librelane:3.0.5,c4b8b4e5e7a05f375cca3815d51b3a37721fbf5c,tpv-predict-1.0.1
nom_fast_1p32V_m40C,1.32,-40,2,2,2,2,2222,1,worst,ro_mat,ok,8.379999999999999,11.28,True,118.0,8.475,1.0,118.0,8.475,1896,7585,30340,121362,370.37,577,2311,9246,36984,112.867,33839023290,1e31757e50080b19fa7642b8b9cd6822f64b1d11,ghcr.io/librelane/librelane:3.0.5,c4b8b4e5e7a05f375cca3815d51b3a37721fbf5c,tpv-predict-1.0.1
nom_fast_1p32V_m40C,1.32,-40,2,2,2,2,2222,2,alt,sta,ok,0.79,18.86,True,877.2,1.14,1.0,877.2,1.14,1896,7585,30340,121362,370.37,577,2311,9246,36984,112.867,33839023290,1e31757e50080b19fa7642b8b9cd6822f64b1d11,ghcr.io/librelane/librelane:3.0.5,c4b8b4e5e7a05f375cca3815d51b3a37721fbf5c,tpv-predict-1.0.1
nom_fast_1p32V_m40C,1.32,-40,2,2,2,2,2222,2,alt,ro_gen,ok,0.79,18.86,True,912.2,1.096,1.0,912.2,1.096,1896,7585,30340,121362,370.37,577,2311,9246,36984,112.867,33839023290,1e31757e50080b19fa7642b8b9cd6822f64b1d11,ghcr.io/librelane/librelane:3.0.5,c4b8b4e5e7a05f375cca3815d51b3a37721fbf5c,tpv-predict-1.0.1
nom_fast_1p32V_m40C,1.32,-40,2,2,2,2,2222,2,alt,ro_mat,ok,0.79,18.86,True,939.1,1.065,1.0,939.1,1.065,1896,7585,30340,121362,370.37,577,2311,9246,36984,112.867,33839023290,1e31757e50080b19fa7642b8b9cd6822f64b1d11,ghcr.io/librelane/librelane:3.0.5,c4b8b4e5e7a05f375cca3815d51b3a37721fbf5c,tpv-predict-1.0.1
nom_fast_1p32V_m40C,1.32,-40,2,2,2,2,2222,3,hold,sta,no_runtime_path,,,,,,1.0,,,1896,7585,30340,121362,370.37,577,2311,9246,36984,112.867,33839023290,1e31757e50080b19fa7642b8b9cd6822f64b1d11,ghcr.io/librelane/librelane:3.0.5,c4b8b4e5e7a05f375cca3815d51b3a37721fbf5c,tpv-predict-1.0.1
nom_fast_1p32V_m40C,1.32,-40,2,2,2,2,2222,3,hold,ro_gen,no_runtime_path,,,,,,1.0,,,1896,7585,30340,121362,370.37,577,2311,9246,36984,112.867,33839023290,1e31757e50080b19fa7642b8b9cd6822f64b1d11,ghcr.io/librelane/librelane:3.0.5,c4b8b4e5e7a05f375cca3815d51b3a37721fbf5c,tpv-predict-1.0.1
nom_fast_1p32V_m40C,1.32,-40,2,2,2,2,2222,3,hold,ro_mat,no_runtime_path,,,,,,1.0,,,1896,7585,30340,121362,370.37,577,2311,9246,36984,112.867,33839023290,1e31757e50080b19fa7642b8b9cd6822f64b1d11,ghcr.io/librelane/librelane:3.0.5,c4b8b4e5e7a05f375cca3815d51b3a37721fbf5c,tpv-predict-1.0.1
nom_fast_1p32V_m40C,1.32,-40,3,3,3,3,3333,0,prbs,sta,ok,10.78,8.9,True,90.09,11.1,1.0,90.09,11.1,1896,7585,30340,121362,370.37,577,2311,9246,36984,112.867,33839023290,1e31757e50080b19fa7642b8b9cd6822f64b1d11,ghcr.io/librelane/librelane:3.0.5,c4b8b4e5e7a05f375cca3815d51b3a37721fbf5c,tpv-predict-1.0.1
nom_fast_1p32V_m40C,1.32,-40,3,3,3,3,3333,0,prbs,ro_gen,ok,10.78,8.9,True,90.27,11.08,1.0,90.27,11.08,1896,7585,30340,121362,370.37,577,2311,9246,36984,112.867,33839023290,1e31757e50080b19fa7642b8b9cd6822f64b1d11,ghcr.io/librelane/librelane:3.0.5,c4b8b4e5e7a05f375cca3815d51b3a37721fbf5c,tpv-predict-1.0.1
nom_fast_1p32V_m40C,1.32,-40,3,3,3,3,3333,0,prbs,ro_mat,ok,10.78,8.9,True,92.93,10.76,1.0,92.93,10.76,1896,7585,30340,121362,370.37,577,2311,9246,36984,112.867,33839023290,1e31757e50080b19fa7642b8b9cd6822f64b1d11,ghcr.io/librelane/librelane:3.0.5,c4b8b4e5e7a05f375cca3815d51b3a37721fbf5c,tpv-predict-1.0.1
nom_fast_1p32V_m40C,1.32,-40,3,3,3,3,3333,1,worst,sta,ok,10.84,8.83,True,89.53,11.17,1.0,89.53,11.17,1896,7585,30340,121362,370.37,577,2311,9246,36984,112.867,33839023290,1e31757e50080b19fa7642b8b9cd6822f64b1d11,ghcr.io/librelane/librelane:3.0.5,c4b8b4e5e7a05f375cca3815d51b3a37721fbf5c,tpv-predict-1.0.1
nom_fast_1p32V_m40C,1.32,-40,3,3,3,3,3333,1,worst,ro_gen,ok,10.84,8.83,True,89.71,11.15,1.0,89.71,11.15,1896,7585,30340,121362,370.37,577,2311,9246,36984,112.867,33839023290,1e31757e50080b19fa7642b8b9cd6822f64b1d11,ghcr.io/librelane/librelane:3.0.5,c4b8b4e5e7a05f375cca3815d51b3a37721fbf5c,tpv-predict-1.0.1
nom_fast_1p32V_m40C,1.32,-40,3,3,3,3,3333,1,worst,ro_mat,ok,10.84,8.83,True,92.35,10.83,1.0,92.35,10.83,1896,7585,30340,121362,370.37,577,2311,9246,36984,112.867,33839023290,1e31757e50080b19fa7642b8b9cd6822f64b1d11,ghcr.io/librelane/librelane:3.0.5,c4b8b4e5e7a05f375cca3815d51b3a37721fbf5c,tpv-predict-1.0.1
nom_fast_1p32V_m40C,1.32,-40,3,3,3,3,3333,2,alt,sta,ok,0.79,18.86,True,877.2,1.14,1.0,877.2,1.14,1896,7585,30340,121362,370.37,577,2311,9246,36984,112.867,33839023290,1e31757e50080b19fa7642b8b9cd6822f64b1d11,ghcr.io/librelane/librelane:3.0.5,c4b8b4e5e7a05f375cca3815d51b3a37721fbf5c,tpv-predict-1.0.1
nom_fast_1p32V_m40C,1.32,-40,3,3,3,3,3333,2,alt,ro_gen,ok,0.79,18.86,True,912.2,1.096,1.0,912.2,1.096,1896,7585,30340,121362,370.37,577,2311,9246,36984,112.867,33839023290,1e31757e50080b19fa7642b8b9cd6822f64b1d11,ghcr.io/librelane/librelane:3.0.5,c4b8b4e5e7a05f375cca3815d51b3a37721fbf5c,tpv-predict-1.0.1
nom_fast_1p32V_m40C,1.32,-40,3,3,3,3,3333,2,alt,ro_mat,ok,0.79,18.86,True,939.1,1.065,1.0,939.1,1.065,1896,7585,30340,121362,370.37,577,2311,9246,36984,112.867,33839023290,1e31757e50080b19fa7642b8b9cd6822f64b1d11,ghcr.io/librelane/librelane:3.0.5,c4b8b4e5e7a05f375cca3815d51b3a37721fbf5c,tpv-predict-1.0.1
nom_fast_1p32V_m40C,1.32,-40,3,3,3,3,3333,3,hold,sta,no_runtime_path,,,,,,1.0,,,1896,7585,30340,121362,370.37,577,2311,9246,36984,112.867,33839023290,1e31757e50080b19fa7642b8b9cd6822f64b1d11,ghcr.io/librelane/librelane:3.0.5,c4b8b4e5e7a05f375cca3815d51b3a37721fbf5c,tpv-predict-1.0.1
nom_fast_1p32V_m40C,1.32,-40,3,3,3,3,3333,3,hold,ro_gen,no_runtime_path,,,,,,1.0,,,1896,7585,30340,121362,370.37,577,2311,9246,36984,112.867,33839023290,1e31757e50080b19fa7642b8b9cd6822f64b1d11,ghcr.io/librelane/librelane:3.0.5,c4b8b4e5e7a05f375cca3815d51b3a37721fbf5c,tpv-predict-1.0.1
nom_fast_1p32V_m40C,1.32,-40,3,3,3,3,3333,3,hold,ro_mat,no_runtime_path,,,,,,1.0,,,1896,7585,30340,121362,370.37,577,2311,9246,36984,112.867,33839023290,1e31757e50080b19fa7642b8b9cd6822f64b1d11,ghcr.io/librelane/librelane:3.0.5,c4b8b4e5e7a05f375cca3815d51b3a37721fbf5c,tpv-predict-1.0.1
nom_fast_1p32V_m40C,1.32,-40,3,0,0,0,3000,0,prbs,sta,ok,5.2700000000000005,14.4,True,178.6,5.599,1.0,178.6,5.599,1896,7585,30340,121362,370.37,577,2311,9246,36984,112.867,33839023290,1e31757e50080b19fa7642b8b9cd6822f64b1d11,ghcr.io/librelane/librelane:3.0.5,c4b8b4e5e7a05f375cca3815d51b3a37721fbf5c,tpv-predict-1.0.1
nom_fast_1p32V_m40C,1.32,-40,3,0,0,0,3000,0,prbs,ro_gen,ok,5.2700000000000005,14.4,True,176.9,5.653,1.0,176.9,5.653,1896,7585,30340,121362,370.37,577,2311,9246,36984,112.867,33839023290,1e31757e50080b19fa7642b8b9cd6822f64b1d11,ghcr.io/librelane/librelane:3.0.5,c4b8b4e5e7a05f375cca3815d51b3a37721fbf5c,tpv-predict-1.0.1
nom_fast_1p32V_m40C,1.32,-40,3,0,0,0,3000,0,prbs,ro_mat,ok,5.2700000000000005,14.4,True,182.1,5.491,1.0,182.1,5.491,1896,7585,30340,121362,370.37,577,2311,9246,36984,112.867,33839023290,1e31757e50080b19fa7642b8b9cd6822f64b1d11,ghcr.io/librelane/librelane:3.0.5,c4b8b4e5e7a05f375cca3815d51b3a37721fbf5c,tpv-predict-1.0.1
nom_fast_1p32V_m40C,1.32,-40,3,0,0,0,3000,1,worst,sta,ok,5.329999999999999,14.33,True,176.4,5.669,1.0,176.4,5.669,1896,7585,30340,121362,370.37,577,2311,9246,36984,112.867,33839023290,1e31757e50080b19fa7642b8b9cd6822f64b1d11,ghcr.io/librelane/librelane:3.0.5,c4b8b4e5e7a05f375cca3815d51b3a37721fbf5c,tpv-predict-1.0.1
nom_fast_1p32V_m40C,1.32,-40,3,0,0,0,3000,1,worst,ro_gen,ok,5.329999999999999,14.33,True,174.8,5.721,1.0,174.8,5.721,1896,7585,30340,121362,370.37,577,2311,9246,36984,112.867,33839023290,1e31757e50080b19fa7642b8b9cd6822f64b1d11,ghcr.io/librelane/librelane:3.0.5,c4b8b4e5e7a05f375cca3815d51b3a37721fbf5c,tpv-predict-1.0.1
nom_fast_1p32V_m40C,1.32,-40,3,0,0,0,3000,1,worst,ro_mat,ok,5.329999999999999,14.33,True,180.0,5.556,1.0,180.0,5.556,1896,7585,30340,121362,370.37,577,2311,9246,36984,112.867,33839023290,1e31757e50080b19fa7642b8b9cd6822f64b1d11,ghcr.io/librelane/librelane:3.0.5,c4b8b4e5e7a05f375cca3815d51b3a37721fbf5c,tpv-predict-1.0.1
nom_fast_1p32V_m40C,1.32,-40,3,0,0,0,3000,2,alt,sta,ok,0.79,18.86,True,877.2,1.14,1.0,877.2,1.14,1896,7585,30340,121362,370.37,577,2311,9246,36984,112.867,33839023290,1e31757e50080b19fa7642b8b9cd6822f64b1d11,ghcr.io/librelane/librelane:3.0.5,c4b8b4e5e7a05f375cca3815d51b3a37721fbf5c,tpv-predict-1.0.1
nom_fast_1p32V_m40C,1.32,-40,3,0,0,0,3000,2,alt,ro_gen,ok,0.79,18.86,True,912.2,1.096,1.0,912.2,1.096,1896,7585,30340,121362,370.37,577,2311,9246,36984,112.867,33839023290,1e31757e50080b19fa7642b8b9cd6822f64b1d11,ghcr.io/librelane/librelane:3.0.5,c4b8b4e5e7a05f375cca3815d51b3a37721fbf5c,tpv-predict-1.0.1
nom_fast_1p32V_m40C,1.32,-40,3,0,0,0,3000,2,alt,ro_mat,ok,0.79,18.86,True,939.1,1.065,1.0,939.1,1.065,1896,7585,30340,121362,370.37,577,2311,9246,36984,112.867,33839023290,1e31757e50080b19fa7642b8b9cd6822f64b1d11,ghcr.io/librelane/librelane:3.0.5,c4b8b4e5e7a05f375cca3815d51b3a37721fbf5c,tpv-predict-1.0.1
nom_fast_1p32V_m40C,1.32,-40,3,0,0,0,3000,3,hold,sta,no_runtime_path,,,,,,1.0,,,1896,7585,30340,121362,370.37,577,2311,9246,36984,112.867,33839023290,1e31757e50080b19fa7642b8b9cd6822f64b1d11,ghcr.io/librelane/librelane:3.0.5,c4b8b4e5e7a05f375cca3815d51b3a37721fbf5c,tpv-predict-1.0.1
nom_fast_1p32V_m40C,1.32,-40,3,0,0,0,3000,3,hold,ro_gen,no_runtime_path,,,,,,1.0,,,1896,7585,30340,121362,370.37,577,2311,9246,36984,112.867,33839023290,1e31757e50080b19fa7642b8b9cd6822f64b1d11,ghcr.io/librelane/librelane:3.0.5,c4b8b4e5e7a05f375cca3815d51b3a37721fbf5c,tpv-predict-1.0.1
nom_fast_1p32V_m40C,1.32,-40,3,0,0,0,3000,3,hold,ro_mat,no_runtime_path,,,,,,1.0,,,1896,7585,30340,121362,370.37,577,2311,9246,36984,112.867,33839023290,1e31757e50080b19fa7642b8b9cd6822f64b1d11,ghcr.io/librelane/librelane:3.0.5,c4b8b4e5e7a05f375cca3815d51b3a37721fbf5c,tpv-predict-1.0.1
nom_fast_1p32V_m40C,1.32,-40,0,0,0,3,0003,0,prbs,sta,ok,5.25,14.42,True,179.2,5.58,1.0,179.2,5.58,1896,7585,30340,121362,370.37,577,2311,9246,36984,112.867,33839023290,1e31757e50080b19fa7642b8b9cd6822f64b1d11,ghcr.io/librelane/librelane:3.0.5,c4b8b4e5e7a05f375cca3815d51b3a37721fbf5c,tpv-predict-1.0.1
nom_fast_1p32V_m40C,1.32,-40,0,0,0,3,0003,0,prbs,ro_gen,ok,5.25,14.42,True,177.8,5.624,1.0,177.8,5.624,1896,7585,30340,121362,370.37,577,2311,9246,36984,112.867,33839023290,1e31757e50080b19fa7642b8b9cd6822f64b1d11,ghcr.io/librelane/librelane:3.0.5,c4b8b4e5e7a05f375cca3815d51b3a37721fbf5c,tpv-predict-1.0.1
nom_fast_1p32V_m40C,1.32,-40,0,0,0,3,0003,0,prbs,ro_mat,ok,5.25,14.42,True,183.0,5.464,1.0,183.0,5.464,1896,7585,30340,121362,370.37,577,2311,9246,36984,112.867,33839023290,1e31757e50080b19fa7642b8b9cd6822f64b1d11,ghcr.io/librelane/librelane:3.0.5,c4b8b4e5e7a05f375cca3815d51b3a37721fbf5c,tpv-predict-1.0.1
nom_fast_1p32V_m40C,1.32,-40,0,0,0,3,0003,1,worst,sta,ok,5.31,14.36,True,177.3,5.64,1.0,177.3,5.64,1896,7585,30340,121362,370.37,577,2311,9246,36984,112.867,33839023290,1e31757e50080b19fa7642b8b9cd6822f64b1d11,ghcr.io/librelane/librelane:3.0.5,c4b8b4e5e7a05f375cca3815d51b3a37721fbf5c,tpv-predict-1.0.1
nom_fast_1p32V_m40C,1.32,-40,0,0,0,3,0003,1,worst,ro_gen,ok,5.31,14.36,True,175.6,5.695,1.0,175.6,5.695,1896,7585,30340,121362,370.37,577,2311,9246,36984,112.867,33839023290,1e31757e50080b19fa7642b8b9cd6822f64b1d11,ghcr.io/librelane/librelane:3.0.5,c4b8b4e5e7a05f375cca3815d51b3a37721fbf5c,tpv-predict-1.0.1
nom_fast_1p32V_m40C,1.32,-40,0,0,0,3,0003,1,worst,ro_mat,ok,5.31,14.36,True,180.8,5.531,1.0,180.8,5.531,1896,7585,30340,121362,370.37,577,2311,9246,36984,112.867,33839023290,1e31757e50080b19fa7642b8b9cd6822f64b1d11,ghcr.io/librelane/librelane:3.0.5,c4b8b4e5e7a05f375cca3815d51b3a37721fbf5c,tpv-predict-1.0.1
nom_fast_1p32V_m40C,1.32,-40,0,0,0,3,0003,2,alt,sta,ok,0.79,18.86,True,877.2,1.14,1.0,877.2,1.14,1896,7585,30340,121362,370.37,577,2311,9246,36984,112.867,33839023290,1e31757e50080b19fa7642b8b9cd6822f64b1d11,ghcr.io/librelane/librelane:3.0.5,c4b8b4e5e7a05f375cca3815d51b3a37721fbf5c,tpv-predict-1.0.1
nom_fast_1p32V_m40C,1.32,-40,0,0,0,3,0003,2,alt,ro_gen,ok,0.79,18.86,True,912.2,1.096,1.0,912.2,1.096,1896,7585,30340,121362,370.37,577,2311,9246,36984,112.867,33839023290,1e31757e50080b19fa7642b8b9cd6822f64b1d11,ghcr.io/librelane/librelane:3.0.5,c4b8b4e5e7a05f375cca3815d51b3a37721fbf5c,tpv-predict-1.0.1
nom_fast_1p32V_m40C,1.32,-40,0,0,0,3,0003,2,alt,ro_mat,ok,0.79,18.86,True,939.1,1.065,1.0,939.1,1.065,1896,7585,30340,121362,370.37,577,2311,9246,36984,112.867,33839023290,1e31757e50080b19fa7642b8b9cd6822f64b1d11,ghcr.io/librelane/librelane:3.0.5,c4b8b4e5e7a05f375cca3815d51b3a37721fbf5c,tpv-predict-1.0.1
nom_fast_1p32V_m40C,1.32,-40,0,0,0,3,0003,3,hold,sta,no_runtime_path,,,,,,1.0,,,1896,7585,30340,121362,370.37,577,2311,9246,36984,112.867,33839023290,1e31757e50080b19fa7642b8b9cd6822f64b1d11,ghcr.io/librelane/librelane:3.0.5,c4b8b4e5e7a05f375cca3815d51b3a37721fbf5c,tpv-predict-1.0.1
nom_fast_1p32V_m40C,1.32,-40,0,0,0,3,0003,3,hold,ro_gen,no_runtime_path,,,,,,1.0,,,1896,7585,30340,121362,370.37,577,2311,9246,36984,112.867,33839023290,1e31757e50080b19fa7642b8b9cd6822f64b1d11,ghcr.io/librelane/librelane:3.0.5,c4b8b4e5e7a05f375cca3815d51b3a37721fbf5c,tpv-predict-1.0.1
nom_fast_1p32V_m40C,1.32,-40,0,0,0,3,0003,3,hold,ro_mat,no_runtime_path,,,,,,1.0,,,1896,7585,30340,121362,370.37,577,2311,9246,36984,112.867,33839023290,1e31757e50080b19fa7642b8b9cd6822f64b1d11,ghcr.io/librelane/librelane:3.0.5,c4b8b4e5e7a05f375cca3815d51b3a37721fbf5c,tpv-predict-1.0.1
nom_fast_1p32V_m40C,1.32,-40,2,1,3,0,2130,0,prbs,sta,ok,7.13,12.54,True,134.0,7.463,1.0,134.0,7.463,1896,7585,30340,121362,370.37,577,2311,9246,36984,112.867,33839023290,1e31757e50080b19fa7642b8b9cd6822f64b1d11,ghcr.io/librelane/librelane:3.0.5,c4b8b4e5e7a05f375cca3815d51b3a37721fbf5c,tpv-predict-1.0.1
nom_fast_1p32V_m40C,1.32,-40,2,1,3,0,2130,0,prbs,ro_gen,ok,7.13,12.54,True,133.4,7.496,1.0,133.4,7.496,1896,7585,30340,121362,370.37,577,2311,9246,36984,112.867,33839023290,1e31757e50080b19fa7642b8b9cd6822f64b1d11,ghcr.io/librelane/librelane:3.0.5,c4b8b4e5e7a05f375cca3815d51b3a37721fbf5c,tpv-predict-1.0.1
nom_fast_1p32V_m40C,1.32,-40,2,1,3,0,2130,0,prbs,ro_mat,ok,7.13,12.54,True,137.4,7.278,1.0,137.4,7.278,1896,7585,30340,121362,370.37,577,2311,9246,36984,112.867,33839023290,1e31757e50080b19fa7642b8b9cd6822f64b1d11,ghcr.io/librelane/librelane:3.0.5,c4b8b4e5e7a05f375cca3815d51b3a37721fbf5c,tpv-predict-1.0.1
nom_fast_1p32V_m40C,1.32,-40,2,1,3,0,2130,1,worst,sta,ok,7.1899999999999995,12.47,True,132.8,7.53,1.0,132.8,7.53,1896,7585,30340,121362,370.37,577,2311,9246,36984,112.867,33839023290,1e31757e50080b19fa7642b8b9cd6822f64b1d11,ghcr.io/librelane/librelane:3.0.5,c4b8b4e5e7a05f375cca3815d51b3a37721fbf5c,tpv-predict-1.0.1
nom_fast_1p32V_m40C,1.32,-40,2,1,3,0,2130,1,worst,ro_gen,ok,7.1899999999999995,12.47,True,132.2,7.564,1.0,132.2,7.564,1896,7585,30340,121362,370.37,577,2311,9246,36984,112.867,33839023290,1e31757e50080b19fa7642b8b9cd6822f64b1d11,ghcr.io/librelane/librelane:3.0.5,c4b8b4e5e7a05f375cca3815d51b3a37721fbf5c,tpv-predict-1.0.1
nom_fast_1p32V_m40C,1.32,-40,2,1,3,0,2130,1,worst,ro_mat,ok,7.1899999999999995,12.47,True,136.1,7.348,1.0,136.1,7.348,1896,7585,30340,121362,370.37,577,2311,9246,36984,112.867,33839023290,1e31757e50080b19fa7642b8b9cd6822f64b1d11,ghcr.io/librelane/librelane:3.0.5,c4b8b4e5e7a05f375cca3815d51b3a37721fbf5c,tpv-predict-1.0.1
nom_fast_1p32V_m40C,1.32,-40,2,1,3,0,2130,2,alt,sta,ok,0.79,18.86,True,877.2,1.14,1.0,877.2,1.14,1896,7585,30340,121362,370.37,577,2311,9246,36984,112.867,33839023290,1e31757e50080b19fa7642b8b9cd6822f64b1d11,ghcr.io/librelane/librelane:3.0.5,c4b8b4e5e7a05f375cca3815d51b3a37721fbf5c,tpv-predict-1.0.1
nom_fast_1p32V_m40C,1.32,-40,2,1,3,0,2130,2,alt,ro_gen,ok,0.79,18.86,True,912.2,1.096,1.0,912.2,1.096,1896,7585,30340,121362,370.37,577,2311,9246,36984,112.867,33839023290,1e31757e50080b19fa7642b8b9cd6822f64b1d11,ghcr.io/librelane/librelane:3.0.5,c4b8b4e5e7a05f375cca3815d51b3a37721fbf5c,tpv-predict-1.0.1
nom_fast_1p32V_m40C,1.32,-40,2,1,3,0,2130,2,alt,ro_mat,ok,0.79,18.86,True,939.1,1.065,1.0,939.1,1.065,1896,7585,30340,121362,370.37,577,2311,9246,36984,112.867,33839023290,1e31757e50080b19fa7642b8b9cd6822f64b1d11,ghcr.io/librelane/librelane:3.0.5,c4b8b4e5e7a05f375cca3815d51b3a37721fbf5c,tpv-predict-1.0.1
nom_fast_1p32V_m40C,1.32,-40,2,1,3,0,2130,3,hold,sta,no_runtime_path,,,,,,1.0,,,1896,7585,30340,121362,370.37,577,2311,9246,36984,112.867,33839023290,1e31757e50080b19fa7642b8b9cd6822f64b1d11,ghcr.io/librelane/librelane:3.0.5,c4b8b4e5e7a05f375cca3815d51b3a37721fbf5c,tpv-predict-1.0.1
nom_fast_1p32V_m40C,1.32,-40,2,1,3,0,2130,3,hold,ro_gen,no_runtime_path,,,,,,1.0,,,1896,7585,30340,121362,370.37,577,2311,9246,36984,112.867,33839023290,1e31757e50080b19fa7642b8b9cd6822f64b1d11,ghcr.io/librelane/librelane:3.0.5,c4b8b4e5e7a05f375cca3815d51b3a37721fbf5c,tpv-predict-1.0.1
nom_fast_1p32V_m40C,1.32,-40,2,1,3,0,2130,3,hold,ro_mat,no_runtime_path,,,,,,1.0,,,1896,7585,30340,121362,370.37,577,2311,9246,36984,112.867,33839023290,1e31757e50080b19fa7642b8b9cd6822f64b1d11,ghcr.io/librelane/librelane:3.0.5,c4b8b4e5e7a05f375cca3815d51b3a37721fbf5c,tpv-predict-1.0.1
nom_fast_1p32V_m40C,1.32,-40,1,2,0,3,1203,0,prbs,sta,ok,7.1000000000000005,12.57,True,134.6,7.429,1.0,134.6,7.429,1896,7585,30340,121362,370.37,577,2311,9246,36984,112.867,33839023290,1e31757e50080b19fa7642b8b9cd6822f64b1d11,ghcr.io/librelane/librelane:3.0.5,c4b8b4e5e7a05f375cca3815d51b3a37721fbf5c,tpv-predict-1.0.1
nom_fast_1p32V_m40C,1.32,-40,1,2,0,3,1203,0,prbs,ro_gen,ok,7.1000000000000005,12.57,True,134.2,7.452,1.0,134.2,7.452,1896,7585,30340,121362,370.37,577,2311,9246,36984,112.867,33839023290,1e31757e50080b19fa7642b8b9cd6822f64b1d11,ghcr.io/librelane/librelane:3.0.5,c4b8b4e5e7a05f375cca3815d51b3a37721fbf5c,tpv-predict-1.0.1
nom_fast_1p32V_m40C,1.32,-40,1,2,0,3,1203,0,prbs,ro_mat,ok,7.1000000000000005,12.57,True,138.1,7.241,1.0,138.1,7.241,1896,7585,30340,121362,370.37,577,2311,9246,36984,112.867,33839023290,1e31757e50080b19fa7642b8b9cd6822f64b1d11,ghcr.io/librelane/librelane:3.0.5,c4b8b4e5e7a05f375cca3815d51b3a37721fbf5c,tpv-predict-1.0.1
nom_fast_1p32V_m40C,1.32,-40,1,2,0,3,1203,1,worst,sta,ok,7.159999999999999,12.51,True,133.5,7.491,1.0,133.5,7.491,1896,7585,30340,121362,370.37,577,2311,9246,36984,112.867,33839023290,1e31757e50080b19fa7642b8b9cd6822f64b1d11,ghcr.io/librelane/librelane:3.0.5,c4b8b4e5e7a05f375cca3815d51b3a37721fbf5c,tpv-predict-1.0.1
nom_fast_1p32V_m40C,1.32,-40,1,2,0,3,1203,1,worst,ro_gen,ok,7.159999999999999,12.51,True,133.1,7.513,1.0,133.1,7.513,1896,7585,30340,121362,370.37,577,2311,9246,36984,112.867,33839023290,1e31757e50080b19fa7642b8b9cd6822f64b1d11,ghcr.io/librelane/librelane:3.0.5,c4b8b4e5e7a05f375cca3815d51b3a37721fbf5c,tpv-predict-1.0.1
nom_fast_1p32V_m40C,1.32,-40,1,2,0,3,1203,1,worst,ro_mat,ok,7.159999999999999,12.51,True,137.0,7.299,1.0,137.0,7.299,1896,7585,30340,121362,370.37,577,2311,9246,36984,112.867,33839023290,1e31757e50080b19fa7642b8b9cd6822f64b1d11,ghcr.io/librelane/librelane:3.0.5,c4b8b4e5e7a05f375cca3815d51b3a37721fbf5c,tpv-predict-1.0.1
nom_fast_1p32V_m40C,1.32,-40,1,2,0,3,1203,2,alt,sta,ok,0.79,18.86,True,877.2,1.14,1.0,877.2,1.14,1896,7585,30340,121362,370.37,577,2311,9246,36984,112.867,33839023290,1e31757e50080b19fa7642b8b9cd6822f64b1d11,ghcr.io/librelane/librelane:3.0.5,c4b8b4e5e7a05f375cca3815d51b3a37721fbf5c,tpv-predict-1.0.1
nom_fast_1p32V_m40C,1.32,-40,1,2,0,3,1203,2,alt,ro_gen,ok,0.79,18.86,True,912.2,1.096,1.0,912.2,1.096,1896,7585,30340,121362,370.37,577,2311,9246,36984,112.867,33839023290,1e31757e50080b19fa7642b8b9cd6822f64b1d11,ghcr.io/librelane/librelane:3.0.5,c4b8b4e5e7a05f375cca3815d51b3a37721fbf5c,tpv-predict-1.0.1
nom_fast_1p32V_m40C,1.32,-40,1,2,0,3,1203,2,alt,ro_mat,ok,0.79,18.86,True,939.1,1.065,1.0,939.1,1.065,1896,7585,30340,121362,370.37,577,2311,9246,36984,112.867,33839023290,1e31757e50080b19fa7642b8b9cd6822f64b1d11,ghcr.io/librelane/librelane:3.0.5,c4b8b4e5e7a05f375cca3815d51b3a37721fbf5c,tpv-predict-1.0.1
nom_fast_1p32V_m40C,1.32,-40,1,2,0,3,1203,3,hold,sta,no_runtime_path,,,,,,1.0,,,1896,7585,30340,121362,370.37,577,2311,9246,36984,112.867,33839023290,1e31757e50080b19fa7642b8b9cd6822f64b1d11,ghcr.io/librelane/librelane:3.0.5,c4b8b4e5e7a05f375cca3815d51b3a37721fbf5c,tpv-predict-1.0.1
nom_fast_1p32V_m40C,1.32,-40,1,2,0,3,1203,3,hold,ro_gen,no_runtime_path,,,,,,1.0,,,1896,7585,30340,121362,370.37,577,2311,9246,36984,112.867,33839023290,1e31757e50080b19fa7642b8b9cd6822f64b1d11,ghcr.io/librelane/librelane:3.0.5,c4b8b4e5e7a05f375cca3815d51b3a37721fbf5c,tpv-predict-1.0.1
nom_fast_1p32V_m40C,1.32,-40,1,2,0,3,1203,3,hold,ro_mat,no_runtime_path,,,,,,1.0,,,1896,7585,30340,121362,370.37,577,2311,9246,36984,112.867,33839023290,1e31757e50080b19fa7642b8b9cd6822f64b1d11,ghcr.io/librelane/librelane:3.0.5,c4b8b4e5e7a05f375cca3815d51b3a37721fbf5c,tpv-predict-1.0.1
nom_typ_1p20V_25C,1.2,25,0,0,0,0,0000,0,prbs,sta,ok,5.2299999999999995,14.39,True,178.3,5.609,1.0,178.3,5.609,1299,5197,20791,83167,253.807,384,1537,6150,24600,75.075,33839023290,1e31757e50080b19fa7642b8b9cd6822f64b1d11,ghcr.io/librelane/librelane:3.0.5,c4b8b4e5e7a05f375cca3815d51b3a37721fbf5c,tpv-predict-1.0.1
nom_typ_1p20V_25C,1.2,25,0,0,0,0,0000,0,prbs,ro_gen,ok,5.2299999999999995,14.39,True,178.3,5.609,1.0,178.3,5.609,1299,5197,20791,83167,253.807,384,1537,6150,24600,75.075,33839023290,1e31757e50080b19fa7642b8b9cd6822f64b1d11,ghcr.io/librelane/librelane:3.0.5,c4b8b4e5e7a05f375cca3815d51b3a37721fbf5c,tpv-predict-1.0.1
nom_typ_1p20V_25C,1.2,25,0,0,0,0,0000,0,prbs,ro_mat,ok,5.2299999999999995,14.39,True,178.3,5.609,1.0,178.3,5.609,1299,5197,20791,83167,253.807,384,1537,6150,24600,75.075,33839023290,1e31757e50080b19fa7642b8b9cd6822f64b1d11,ghcr.io/librelane/librelane:3.0.5,c4b8b4e5e7a05f375cca3815d51b3a37721fbf5c,tpv-predict-1.0.1
nom_typ_1p20V_25C,1.2,25,0,0,0,0,0000,1,worst,sta,ok,5.319999999999999,14.29,True,175.1,5.711,1.0,175.1,5.711,1299,5197,20791,83167,253.807,384,1537,6150,24600,75.075,33839023290,1e31757e50080b19fa7642b8b9cd6822f64b1d11,ghcr.io/librelane/librelane:3.0.5,c4b8b4e5e7a05f375cca3815d51b3a37721fbf5c,tpv-predict-1.0.1
nom_typ_1p20V_25C,1.2,25,0,0,0,0,0000,1,worst,ro_gen,ok,5.319999999999999,14.29,True,175.1,5.711,1.0,175.1,5.711,1299,5197,20791,83167,253.807,384,1537,6150,24600,75.075,33839023290,1e31757e50080b19fa7642b8b9cd6822f64b1d11,ghcr.io/librelane/librelane:3.0.5,c4b8b4e5e7a05f375cca3815d51b3a37721fbf5c,tpv-predict-1.0.1
nom_typ_1p20V_25C,1.2,25,0,0,0,0,0000,1,worst,ro_mat,ok,5.319999999999999,14.29,True,175.1,5.711,1.0,175.1,5.711,1299,5197,20791,83167,253.807,384,1537,6150,24600,75.075,33839023290,1e31757e50080b19fa7642b8b9cd6822f64b1d11,ghcr.io/librelane/librelane:3.0.5,c4b8b4e5e7a05f375cca3815d51b3a37721fbf5c,tpv-predict-1.0.1
nom_typ_1p20V_25C,1.2,25,0,0,0,0,0000,2,alt,sta,ok,1.21,18.4,True,625.0,1.6,1.0,625.0,1.6,1299,5197,20791,83167,253.807,384,1537,6150,24600,75.075,33839023290,1e31757e50080b19fa7642b8b9cd6822f64b1d11,ghcr.io/librelane/librelane:3.0.5,c4b8b4e5e7a05f375cca3815d51b3a37721fbf5c,tpv-predict-1.0.1
nom_typ_1p20V_25C,1.2,25,0,0,0,0,0000,2,alt,ro_gen,ok,1.21,18.4,True,625.0,1.6,1.0,625.0,1.6,1299,5197,20791,83167,253.807,384,1537,6150,24600,75.075,33839023290,1e31757e50080b19fa7642b8b9cd6822f64b1d11,ghcr.io/librelane/librelane:3.0.5,c4b8b4e5e7a05f375cca3815d51b3a37721fbf5c,tpv-predict-1.0.1
nom_typ_1p20V_25C,1.2,25,0,0,0,0,0000,2,alt,ro_mat,ok,1.21,18.4,True,625.0,1.6,1.0,625.0,1.6,1299,5197,20791,83167,253.807,384,1537,6150,24600,75.075,33839023290,1e31757e50080b19fa7642b8b9cd6822f64b1d11,ghcr.io/librelane/librelane:3.0.5,c4b8b4e5e7a05f375cca3815d51b3a37721fbf5c,tpv-predict-1.0.1
nom_typ_1p20V_25C,1.2,25,0,0,0,0,0000,3,hold,sta,no_runtime_path,,,,,,1.0,,,1299,5197,20791,83167,253.807,384,1537,6150,24600,75.075,33839023290,1e31757e50080b19fa7642b8b9cd6822f64b1d11,ghcr.io/librelane/librelane:3.0.5,c4b8b4e5e7a05f375cca3815d51b3a37721fbf5c,tpv-predict-1.0.1
nom_typ_1p20V_25C,1.2,25,0,0,0,0,0000,3,hold,ro_gen,no_runtime_path,,,,,,1.0,,,1299,5197,20791,83167,253.807,384,1537,6150,24600,75.075,33839023290,1e31757e50080b19fa7642b8b9cd6822f64b1d11,ghcr.io/librelane/librelane:3.0.5,c4b8b4e5e7a05f375cca3815d51b3a37721fbf5c,tpv-predict-1.0.1
nom_typ_1p20V_25C,1.2,25,0,0,0,0,0000,3,hold,ro_mat,no_runtime_path,,,,,,1.0,,,1299,5197,20791,83167,253.807,384,1537,6150,24600,75.075,33839023290,1e31757e50080b19fa7642b8b9cd6822f64b1d11,ghcr.io/librelane/librelane:3.0.5,c4b8b4e5e7a05f375cca3815d51b3a37721fbf5c,tpv-predict-1.0.1
nom_typ_1p20V_25C,1.2,25,1,1,1,1,1111,0,prbs,sta,ok,8.75,10.87,True,109.5,9.132,1.0,109.5,9.132,1299,5197,20791,83167,253.807,384,1537,6150,24600,75.075,33839023290,1e31757e50080b19fa7642b8b9cd6822f64b1d11,ghcr.io/librelane/librelane:3.0.5,c4b8b4e5e7a05f375cca3815d51b3a37721fbf5c,tpv-predict-1.0.1
nom_typ_1p20V_25C,1.2,25,1,1,1,1,1111,0,prbs,ro_gen,ok,8.75,10.87,True,109.5,9.132,1.0,109.5,9.132,1299,5197,20791,83167,253.807,384,1537,6150,24600,75.075,33839023290,1e31757e50080b19fa7642b8b9cd6822f64b1d11,ghcr.io/librelane/librelane:3.0.5,c4b8b4e5e7a05f375cca3815d51b3a37721fbf5c,tpv-predict-1.0.1
nom_typ_1p20V_25C,1.2,25,1,1,1,1,1111,0,prbs,ro_mat,ok,8.75,10.87,True,109.5,9.132,1.0,109.5,9.132,1299,5197,20791,83167,253.807,384,1537,6150,24600,75.075,33839023290,1e31757e50080b19fa7642b8b9cd6822f64b1d11,ghcr.io/librelane/librelane:3.0.5,c4b8b4e5e7a05f375cca3815d51b3a37721fbf5c,tpv-predict-1.0.1
nom_typ_1p20V_25C,1.2,25,1,1,1,1,1111,1,worst,sta,ok,8.84,10.77,True,108.3,9.234,1.0,108.3,9.234,1299,5197,20791,83167,253.807,384,1537,6150,24600,75.075,33839023290,1e31757e50080b19fa7642b8b9cd6822f64b1d11,ghcr.io/librelane/librelane:3.0.5,c4b8b4e5e7a05f375cca3815d51b3a37721fbf5c,tpv-predict-1.0.1
nom_typ_1p20V_25C,1.2,25,1,1,1,1,1111,1,worst,ro_gen,ok,8.84,10.77,True,108.3,9.234,1.0,108.3,9.234,1299,5197,20791,83167,253.807,384,1537,6150,24600,75.075,33839023290,1e31757e50080b19fa7642b8b9cd6822f64b1d11,ghcr.io/librelane/librelane:3.0.5,c4b8b4e5e7a05f375cca3815d51b3a37721fbf5c,tpv-predict-1.0.1
nom_typ_1p20V_25C,1.2,25,1,1,1,1,1111,1,worst,ro_mat,ok,8.84,10.77,True,108.3,9.234,1.0,108.3,9.234,1299,5197,20791,83167,253.807,384,1537,6150,24600,75.075,33839023290,1e31757e50080b19fa7642b8b9cd6822f64b1d11,ghcr.io/librelane/librelane:3.0.5,c4b8b4e5e7a05f375cca3815d51b3a37721fbf5c,tpv-predict-1.0.1
nom_typ_1p20V_25C,1.2,25,1,1,1,1,1111,2,alt,sta,ok,1.21,18.4,True,625.0,1.6,1.0,625.0,1.6,1299,5197,20791,83167,253.807,384,1537,6150,24600,75.075,33839023290,1e31757e50080b19fa7642b8b9cd6822f64b1d11,ghcr.io/librelane/librelane:3.0.5,c4b8b4e5e7a05f375cca3815d51b3a37721fbf5c,tpv-predict-1.0.1
nom_typ_1p20V_25C,1.2,25,1,1,1,1,1111,2,alt,ro_gen,ok,1.21,18.4,True,625.0,1.6,1.0,625.0,1.6,1299,5197,20791,83167,253.807,384,1537,6150,24600,75.075,33839023290,1e31757e50080b19fa7642b8b9cd6822f64b1d11,ghcr.io/librelane/librelane:3.0.5,c4b8b4e5e7a05f375cca3815d51b3a37721fbf5c,tpv-predict-1.0.1
nom_typ_1p20V_25C,1.2,25,1,1,1,1,1111,2,alt,ro_mat,ok,1.21,18.4,True,625.0,1.6,1.0,625.0,1.6,1299,5197,20791,83167,253.807,384,1537,6150,24600,75.075,33839023290,1e31757e50080b19fa7642b8b9cd6822f64b1d11,ghcr.io/librelane/librelane:3.0.5,c4b8b4e5e7a05f375cca3815d51b3a37721fbf5c,tpv-predict-1.0.1
nom_typ_1p20V_25C,1.2,25,1,1,1,1,1111,3,hold,sta,no_runtime_path,,,,,,1.0,,,1299,5197,20791,83167,253.807,384,1537,6150,24600,75.075,33839023290,1e31757e50080b19fa7642b8b9cd6822f64b1d11,ghcr.io/librelane/librelane:3.0.5,c4b8b4e5e7a05f375cca3815d51b3a37721fbf5c,tpv-predict-1.0.1
nom_typ_1p20V_25C,1.2,25,1,1,1,1,1111,3,hold,ro_gen,no_runtime_path,,,,,,1.0,,,1299,5197,20791,83167,253.807,384,1537,6150,24600,75.075,33839023290,1e31757e50080b19fa7642b8b9cd6822f64b1d11,ghcr.io/librelane/librelane:3.0.5,c4b8b4e5e7a05f375cca3815d51b3a37721fbf5c,tpv-predict-1.0.1
nom_typ_1p20V_25C,1.2,25,1,1,1,1,1111,3,hold,ro_mat,no_runtime_path,,,,,,1.0,,,1299,5197,20791,83167,253.807,384,1537,6150,24600,75.075,33839023290,1e31757e50080b19fa7642b8b9cd6822f64b1d11,ghcr.io/librelane/librelane:3.0.5,c4b8b4e5e7a05f375cca3815d51b3a37721fbf5c,tpv-predict-1.0.1
nom_typ_1p20V_25C,1.2,25,2,2,2,2,2222,0,prbs,sta,ok,12.25,7.37,True,79.18,12.63,1.0,79.18,12.63,1299,5197,20791,83167,253.807,384,1537,6150,24600,75.075,33839023290,1e31757e50080b19fa7642b8b9cd6822f64b1d11,ghcr.io/librelane/librelane:3.0.5,c4b8b4e5e7a05f375cca3815d51b3a37721fbf5c,tpv-predict-1.0.1
nom_typ_1p20V_25C,1.2,25,2,2,2,2,2222,0,prbs,ro_gen,ok,12.25,7.37,True,79.18,12.63,1.0,79.18,12.63,1299,5197,20791,83167,253.807,384,1537,6150,24600,75.075,33839023290,1e31757e50080b19fa7642b8b9cd6822f64b1d11,ghcr.io/librelane/librelane:3.0.5,c4b8b4e5e7a05f375cca3815d51b3a37721fbf5c,tpv-predict-1.0.1
nom_typ_1p20V_25C,1.2,25,2,2,2,2,2222,0,prbs,ro_mat,ok,12.25,7.37,True,79.18,12.63,1.0,79.18,12.63,1299,5197,20791,83167,253.807,384,1537,6150,24600,75.075,33839023290,1e31757e50080b19fa7642b8b9cd6822f64b1d11,ghcr.io/librelane/librelane:3.0.5,c4b8b4e5e7a05f375cca3815d51b3a37721fbf5c,tpv-predict-1.0.1
nom_typ_1p20V_25C,1.2,25,2,2,2,2,2222,1,worst,sta,ok,12.35,7.27,True,78.56,12.73,1.0,78.56,12.73,1299,5197,20791,83167,253.807,384,1537,6150,24600,75.075,33839023290,1e31757e50080b19fa7642b8b9cd6822f64b1d11,ghcr.io/librelane/librelane:3.0.5,c4b8b4e5e7a05f375cca3815d51b3a37721fbf5c,tpv-predict-1.0.1
nom_typ_1p20V_25C,1.2,25,2,2,2,2,2222,1,worst,ro_gen,ok,12.35,7.27,True,78.56,12.73,1.0,78.56,12.73,1299,5197,20791,83167,253.807,384,1537,6150,24600,75.075,33839023290,1e31757e50080b19fa7642b8b9cd6822f64b1d11,ghcr.io/librelane/librelane:3.0.5,c4b8b4e5e7a05f375cca3815d51b3a37721fbf5c,tpv-predict-1.0.1
nom_typ_1p20V_25C,1.2,25,2,2,2,2,2222,1,worst,ro_mat,ok,12.35,7.27,True,78.56,12.73,1.0,78.56,12.73,1299,5197,20791,83167,253.807,384,1537,6150,24600,75.075,33839023290,1e31757e50080b19fa7642b8b9cd6822f64b1d11,ghcr.io/librelane/librelane:3.0.5,c4b8b4e5e7a05f375cca3815d51b3a37721fbf5c,tpv-predict-1.0.1
nom_typ_1p20V_25C,1.2,25,2,2,2,2,2222,2,alt,sta,ok,1.21,18.4,True,625.0,1.6,1.0,625.0,1.6,1299,5197,20791,83167,253.807,384,1537,6150,24600,75.075,33839023290,1e31757e50080b19fa7642b8b9cd6822f64b1d11,ghcr.io/librelane/librelane:3.0.5,c4b8b4e5e7a05f375cca3815d51b3a37721fbf5c,tpv-predict-1.0.1
nom_typ_1p20V_25C,1.2,25,2,2,2,2,2222,2,alt,ro_gen,ok,1.21,18.4,True,625.0,1.6,1.0,625.0,1.6,1299,5197,20791,83167,253.807,384,1537,6150,24600,75.075,33839023290,1e31757e50080b19fa7642b8b9cd6822f64b1d11,ghcr.io/librelane/librelane:3.0.5,c4b8b4e5e7a05f375cca3815d51b3a37721fbf5c,tpv-predict-1.0.1
nom_typ_1p20V_25C,1.2,25,2,2,2,2,2222,2,alt,ro_mat,ok,1.21,18.4,True,625.0,1.6,1.0,625.0,1.6,1299,5197,20791,83167,253.807,384,1537,6150,24600,75.075,33839023290,1e31757e50080b19fa7642b8b9cd6822f64b1d11,ghcr.io/librelane/librelane:3.0.5,c4b8b4e5e7a05f375cca3815d51b3a37721fbf5c,tpv-predict-1.0.1
nom_typ_1p20V_25C,1.2,25,2,2,2,2,2222,3,hold,sta,no_runtime_path,,,,,,1.0,,,1299,5197,20791,83167,253.807,384,1537,6150,24600,75.075,33839023290,1e31757e50080b19fa7642b8b9cd6822f64b1d11,ghcr.io/librelane/librelane:3.0.5,c4b8b4e5e7a05f375cca3815d51b3a37721fbf5c,tpv-predict-1.0.1
nom_typ_1p20V_25C,1.2,25,2,2,2,2,2222,3,hold,ro_gen,no_runtime_path,,,,,,1.0,,,1299,5197,20791,83167,253.807,384,1537,6150,24600,75.075,33839023290,1e31757e50080b19fa7642b8b9cd6822f64b1d11,ghcr.io/librelane/librelane:3.0.5,c4b8b4e5e7a05f375cca3815d51b3a37721fbf5c,tpv-predict-1.0.1
nom_typ_1p20V_25C,1.2,25,2,2,2,2,2222,3,hold,ro_mat,no_runtime_path,,,,,,1.0,,,1299,5197,20791,83167,253.807,384,1537,6150,24600,75.075,33839023290,1e31757e50080b19fa7642b8b9cd6822f64b1d11,ghcr.io/librelane/librelane:3.0.5,c4b8b4e5e7a05f375cca3815d51b3a37721fbf5c,tpv-predict-1.0.1
nom_typ_1p20V_25C,1.2,25,3,3,3,3,3333,0,prbs,sta,ok,15.79,3.83,True,61.84,16.17,1.0,61.84,16.17,1299,5197,20791,83167,253.807,384,1537,6150,24600,75.075,33839023290,1e31757e50080b19fa7642b8b9cd6822f64b1d11,ghcr.io/librelane/librelane:3.0.5,c4b8b4e5e7a05f375cca3815d51b3a37721fbf5c,tpv-predict-1.0.1
nom_typ_1p20V_25C,1.2,25,3,3,3,3,3333,0,prbs,ro_gen,ok,15.79,3.83,True,61.84,16.17,1.0,61.84,16.17,1299,5197,20791,83167,253.807,384,1537,6150,24600,75.075,33839023290,1e31757e50080b19fa7642b8b9cd6822f64b1d11,ghcr.io/librelane/librelane:3.0.5,c4b8b4e5e7a05f375cca3815d51b3a37721fbf5c,tpv-predict-1.0.1
nom_typ_1p20V_25C,1.2,25,3,3,3,3,3333,0,prbs,ro_mat,ok,15.79,3.83,True,61.84,16.17,1.0,61.84,16.17,1299,5197,20791,83167,253.807,384,1537,6150,24600,75.075,33839023290,1e31757e50080b19fa7642b8b9cd6822f64b1d11,ghcr.io/librelane/librelane:3.0.5,c4b8b4e5e7a05f375cca3815d51b3a37721fbf5c,tpv-predict-1.0.1
nom_typ_1p20V_25C,1.2,25,3,3,3,3,3333,1,worst,sta,ok,15.879999999999999,3.73,True,61.46,16.27,1.0,61.46,16.27,1299,5197,20791,83167,253.807,384,1537,6150,24600,75.075,33839023290,1e31757e50080b19fa7642b8b9cd6822f64b1d11,ghcr.io/librelane/librelane:3.0.5,c4b8b4e5e7a05f375cca3815d51b3a37721fbf5c,tpv-predict-1.0.1
nom_typ_1p20V_25C,1.2,25,3,3,3,3,3333,1,worst,ro_gen,ok,15.879999999999999,3.73,True,61.46,16.27,1.0,61.46,16.27,1299,5197,20791,83167,253.807,384,1537,6150,24600,75.075,33839023290,1e31757e50080b19fa7642b8b9cd6822f64b1d11,ghcr.io/librelane/librelane:3.0.5,c4b8b4e5e7a05f375cca3815d51b3a37721fbf5c,tpv-predict-1.0.1
nom_typ_1p20V_25C,1.2,25,3,3,3,3,3333,1,worst,ro_mat,ok,15.879999999999999,3.73,True,61.46,16.27,1.0,61.46,16.27,1299,5197,20791,83167,253.807,384,1537,6150,24600,75.075,33839023290,1e31757e50080b19fa7642b8b9cd6822f64b1d11,ghcr.io/librelane/librelane:3.0.5,c4b8b4e5e7a05f375cca3815d51b3a37721fbf5c,tpv-predict-1.0.1
nom_typ_1p20V_25C,1.2,25,3,3,3,3,3333,2,alt,sta,ok,1.21,18.4,True,625.0,1.6,1.0,625.0,1.6,1299,5197,20791,83167,253.807,384,1537,6150,24600,75.075,33839023290,1e31757e50080b19fa7642b8b9cd6822f64b1d11,ghcr.io/librelane/librelane:3.0.5,c4b8b4e5e7a05f375cca3815d51b3a37721fbf5c,tpv-predict-1.0.1
nom_typ_1p20V_25C,1.2,25,3,3,3,3,3333,2,alt,ro_gen,ok,1.21,18.4,True,625.0,1.6,1.0,625.0,1.6,1299,5197,20791,83167,253.807,384,1537,6150,24600,75.075,33839023290,1e31757e50080b19fa7642b8b9cd6822f64b1d11,ghcr.io/librelane/librelane:3.0.5,c4b8b4e5e7a05f375cca3815d51b3a37721fbf5c,tpv-predict-1.0.1
nom_typ_1p20V_25C,1.2,25,3,3,3,3,3333,2,alt,ro_mat,ok,1.21,18.4,True,625.0,1.6,1.0,625.0,1.6,1299,5197,20791,83167,253.807,384,1537,6150,24600,75.075,33839023290,1e31757e50080b19fa7642b8b9cd6822f64b1d11,ghcr.io/librelane/librelane:3.0.5,c4b8b4e5e7a05f375cca3815d51b3a37721fbf5c,tpv-predict-1.0.1
nom_typ_1p20V_25C,1.2,25,3,3,3,3,3333,3,hold,sta,no_runtime_path,,,,,,1.0,,,1299,5197,20791,83167,253.807,384,1537,6150,24600,75.075,33839023290,1e31757e50080b19fa7642b8b9cd6822f64b1d11,ghcr.io/librelane/librelane:3.0.5,c4b8b4e5e7a05f375cca3815d51b3a37721fbf5c,tpv-predict-1.0.1
nom_typ_1p20V_25C,1.2,25,3,3,3,3,3333,3,hold,ro_gen,no_runtime_path,,,,,,1.0,,,1299,5197,20791,83167,253.807,384,1537,6150,24600,75.075,33839023290,1e31757e50080b19fa7642b8b9cd6822f64b1d11,ghcr.io/librelane/librelane:3.0.5,c4b8b4e5e7a05f375cca3815d51b3a37721fbf5c,tpv-predict-1.0.1
nom_typ_1p20V_25C,1.2,25,3,3,3,3,3333,3,hold,ro_mat,no_runtime_path,,,,,,1.0,,,1299,5197,20791,83167,253.807,384,1537,6150,24600,75.075,33839023290,1e31757e50080b19fa7642b8b9cd6822f64b1d11,ghcr.io/librelane/librelane:3.0.5,c4b8b4e5e7a05f375cca3815d51b3a37721fbf5c,tpv-predict-1.0.1
nom_typ_1p20V_25C,1.2,25,3,0,0,0,3000,0,prbs,sta,ok,7.869999999999999,11.75,True,121.2,8.251,1.0,121.2,8.251,1299,5197,20791,83167,253.807,384,1537,6150,24600,75.075,33839023290,1e31757e50080b19fa7642b8b9cd6822f64b1d11,ghcr.io/librelane/librelane:3.0.5,c4b8b4e5e7a05f375cca3815d51b3a37721fbf5c,tpv-predict-1.0.1
nom_typ_1p20V_25C,1.2,25,3,0,0,0,3000,0,prbs,ro_gen,ok,7.869999999999999,11.75,True,121.2,8.251,1.0,121.2,8.251,1299,5197,20791,83167,253.807,384,1537,6150,24600,75.075,33839023290,1e31757e50080b19fa7642b8b9cd6822f64b1d11,ghcr.io/librelane/librelane:3.0.5,c4b8b4e5e7a05f375cca3815d51b3a37721fbf5c,tpv-predict-1.0.1
nom_typ_1p20V_25C,1.2,25,3,0,0,0,3000,0,prbs,ro_mat,ok,7.869999999999999,11.75,True,121.2,8.251,1.0,121.2,8.251,1299,5197,20791,83167,253.807,384,1537,6150,24600,75.075,33839023290,1e31757e50080b19fa7642b8b9cd6822f64b1d11,ghcr.io/librelane/librelane:3.0.5,c4b8b4e5e7a05f375cca3815d51b3a37721fbf5c,tpv-predict-1.0.1
nom_typ_1p20V_25C,1.2,25,3,0,0,0,3000,1,worst,sta,ok,7.969999999999999,11.65,True,119.8,8.347,1.0,119.8,8.347,1299,5197,20791,83167,253.807,384,1537,6150,24600,75.075,33839023290,1e31757e50080b19fa7642b8b9cd6822f64b1d11,ghcr.io/librelane/librelane:3.0.5,c4b8b4e5e7a05f375cca3815d51b3a37721fbf5c,tpv-predict-1.0.1
nom_typ_1p20V_25C,1.2,25,3,0,0,0,3000,1,worst,ro_gen,ok,7.969999999999999,11.65,True,119.8,8.347,1.0,119.8,8.347,1299,5197,20791,83167,253.807,384,1537,6150,24600,75.075,33839023290,1e31757e50080b19fa7642b8b9cd6822f64b1d11,ghcr.io/librelane/librelane:3.0.5,c4b8b4e5e7a05f375cca3815d51b3a37721fbf5c,tpv-predict-1.0.1
nom_typ_1p20V_25C,1.2,25,3,0,0,0,3000,1,worst,ro_mat,ok,7.969999999999999,11.65,True,119.8,8.347,1.0,119.8,8.347,1299,5197,20791,83167,253.807,384,1537,6150,24600,75.075,33839023290,1e31757e50080b19fa7642b8b9cd6822f64b1d11,ghcr.io/librelane/librelane:3.0.5,c4b8b4e5e7a05f375cca3815d51b3a37721fbf5c,tpv-predict-1.0.1
nom_typ_1p20V_25C,1.2,25,3,0,0,0,3000,2,alt,sta,ok,1.21,18.4,True,625.0,1.6,1.0,625.0,1.6,1299,5197,20791,83167,253.807,384,1537,6150,24600,75.075,33839023290,1e31757e50080b19fa7642b8b9cd6822f64b1d11,ghcr.io/librelane/librelane:3.0.5,c4b8b4e5e7a05f375cca3815d51b3a37721fbf5c,tpv-predict-1.0.1
nom_typ_1p20V_25C,1.2,25,3,0,0,0,3000,2,alt,ro_gen,ok,1.21,18.4,True,625.0,1.6,1.0,625.0,1.6,1299,5197,20791,83167,253.807,384,1537,6150,24600,75.075,33839023290,1e31757e50080b19fa7642b8b9cd6822f64b1d11,ghcr.io/librelane/librelane:3.0.5,c4b8b4e5e7a05f375cca3815d51b3a37721fbf5c,tpv-predict-1.0.1
nom_typ_1p20V_25C,1.2,25,3,0,0,0,3000,2,alt,ro_mat,ok,1.21,18.4,True,625.0,1.6,1.0,625.0,1.6,1299,5197,20791,83167,253.807,384,1537,6150,24600,75.075,33839023290,1e31757e50080b19fa7642b8b9cd6822f64b1d11,ghcr.io/librelane/librelane:3.0.5,c4b8b4e5e7a05f375cca3815d51b3a37721fbf5c,tpv-predict-1.0.1
nom_typ_1p20V_25C,1.2,25,3,0,0,0,3000,3,hold,sta,no_runtime_path,,,,,,1.0,,,1299,5197,20791,83167,253.807,384,1537,6150,24600,75.075,33839023290,1e31757e50080b19fa7642b8b9cd6822f64b1d11,ghcr.io/librelane/librelane:3.0.5,c4b8b4e5e7a05f375cca3815d51b3a37721fbf5c,tpv-predict-1.0.1
nom_typ_1p20V_25C,1.2,25,3,0,0,0,3000,3,hold,ro_gen,no_runtime_path,,,,,,1.0,,,1299,5197,20791,83167,253.807,384,1537,6150,24600,75.075,33839023290,1e31757e50080b19fa7642b8b9cd6822f64b1d11,ghcr.io/librelane/librelane:3.0.5,c4b8b4e5e7a05f375cca3815d51b3a37721fbf5c,tpv-predict-1.0.1
nom_typ_1p20V_25C,1.2,25,3,0,0,0,3000,3,hold,ro_mat,no_runtime_path,,,,,,1.0,,,1299,5197,20791,83167,253.807,384,1537,6150,24600,75.075,33839023290,1e31757e50080b19fa7642b8b9cd6822f64b1d11,ghcr.io/librelane/librelane:3.0.5,c4b8b4e5e7a05f375cca3815d51b3a37721fbf5c,tpv-predict-1.0.1
nom_typ_1p20V_25C,1.2,25,0,0,0,3,0003,0,prbs,sta,ok,7.83,11.79,True,121.8,8.21,1.0,121.8,8.21,1299,5197,20791,83167,253.807,384,1537,6150,24600,75.075,33839023290,1e31757e50080b19fa7642b8b9cd6822f64b1d11,ghcr.io/librelane/librelane:3.0.5,c4b8b4e5e7a05f375cca3815d51b3a37721fbf5c,tpv-predict-1.0.1
nom_typ_1p20V_25C,1.2,25,0,0,0,3,0003,0,prbs,ro_gen,ok,7.83,11.79,True,121.8,8.21,1.0,121.8,8.21,1299,5197,20791,83167,253.807,384,1537,6150,24600,75.075,33839023290,1e31757e50080b19fa7642b8b9cd6822f64b1d11,ghcr.io/librelane/librelane:3.0.5,c4b8b4e5e7a05f375cca3815d51b3a37721fbf5c,tpv-predict-1.0.1
nom_typ_1p20V_25C,1.2,25,0,0,0,3,0003,0,prbs,ro_mat,ok,7.83,11.79,True,121.8,8.21,1.0,121.8,8.21,1299,5197,20791,83167,253.807,384,1537,6150,24600,75.075,33839023290,1e31757e50080b19fa7642b8b9cd6822f64b1d11,ghcr.io/librelane/librelane:3.0.5,c4b8b4e5e7a05f375cca3815d51b3a37721fbf5c,tpv-predict-1.0.1
nom_typ_1p20V_25C,1.2,25,0,0,0,3,0003,1,worst,sta,ok,7.92,11.69,True,120.3,8.313,1.0,120.3,8.313,1299,5197,20791,83167,253.807,384,1537,6150,24600,75.075,33839023290,1e31757e50080b19fa7642b8b9cd6822f64b1d11,ghcr.io/librelane/librelane:3.0.5,c4b8b4e5e7a05f375cca3815d51b3a37721fbf5c,tpv-predict-1.0.1
nom_typ_1p20V_25C,1.2,25,0,0,0,3,0003,1,worst,ro_gen,ok,7.92,11.69,True,120.3,8.313,1.0,120.3,8.313,1299,5197,20791,83167,253.807,384,1537,6150,24600,75.075,33839023290,1e31757e50080b19fa7642b8b9cd6822f64b1d11,ghcr.io/librelane/librelane:3.0.5,c4b8b4e5e7a05f375cca3815d51b3a37721fbf5c,tpv-predict-1.0.1
nom_typ_1p20V_25C,1.2,25,0,0,0,3,0003,1,worst,ro_mat,ok,7.92,11.69,True,120.3,8.313,1.0,120.3,8.313,1299,5197,20791,83167,253.807,384,1537,6150,24600,75.075,33839023290,1e31757e50080b19fa7642b8b9cd6822f64b1d11,ghcr.io/librelane/librelane:3.0.5,c4b8b4e5e7a05f375cca3815d51b3a37721fbf5c,tpv-predict-1.0.1
nom_typ_1p20V_25C,1.2,25,0,0,0,3,0003,2,alt,sta,ok,1.21,18.4,True,625.0,1.6,1.0,625.0,1.6,1299,5197,20791,83167,253.807,384,1537,6150,24600,75.075,33839023290,1e31757e50080b19fa7642b8b9cd6822f64b1d11,ghcr.io/librelane/librelane:3.0.5,c4b8b4e5e7a05f375cca3815d51b3a37721fbf5c,tpv-predict-1.0.1
nom_typ_1p20V_25C,1.2,25,0,0,0,3,0003,2,alt,ro_gen,ok,1.21,18.4,True,625.0,1.6,1.0,625.0,1.6,1299,5197,20791,83167,253.807,384,1537,6150,24600,75.075,33839023290,1e31757e50080b19fa7642b8b9cd6822f64b1d11,ghcr.io/librelane/librelane:3.0.5,c4b8b4e5e7a05f375cca3815d51b3a37721fbf5c,tpv-predict-1.0.1
nom_typ_1p20V_25C,1.2,25,0,0,0,3,0003,2,alt,ro_mat,ok,1.21,18.4,True,625.0,1.6,1.0,625.0,1.6,1299,5197,20791,83167,253.807,384,1537,6150,24600,75.075,33839023290,1e31757e50080b19fa7642b8b9cd6822f64b1d11,ghcr.io/librelane/librelane:3.0.5,c4b8b4e5e7a05f375cca3815d51b3a37721fbf5c,tpv-predict-1.0.1
nom_typ_1p20V_25C,1.2,25,0,0,0,3,0003,3,hold,sta,no_runtime_path,,,,,,1.0,,,1299,5197,20791,83167,253.807,384,1537,6150,24600,75.075,33839023290,1e31757e50080b19fa7642b8b9cd6822f64b1d11,ghcr.io/librelane/librelane:3.0.5,c4b8b4e5e7a05f375cca3815d51b3a37721fbf5c,tpv-predict-1.0.1
nom_typ_1p20V_25C,1.2,25,0,0,0,3,0003,3,hold,ro_gen,no_runtime_path,,,,,,1.0,,,1299,5197,20791,83167,253.807,384,1537,6150,24600,75.075,33839023290,1e31757e50080b19fa7642b8b9cd6822f64b1d11,ghcr.io/librelane/librelane:3.0.5,c4b8b4e5e7a05f375cca3815d51b3a37721fbf5c,tpv-predict-1.0.1
nom_typ_1p20V_25C,1.2,25,0,0,0,3,0003,3,hold,ro_mat,no_runtime_path,,,,,,1.0,,,1299,5197,20791,83167,253.807,384,1537,6150,24600,75.075,33839023290,1e31757e50080b19fa7642b8b9cd6822f64b1d11,ghcr.io/librelane/librelane:3.0.5,c4b8b4e5e7a05f375cca3815d51b3a37721fbf5c,tpv-predict-1.0.1
nom_typ_1p20V_25C,1.2,25,2,1,3,0,2130,0,prbs,sta,ok,10.56,9.06,True,91.41,10.94,1.0,91.41,10.94,1299,5197,20791,83167,253.807,384,1537,6150,24600,75.075,33839023290,1e31757e50080b19fa7642b8b9cd6822f64b1d11,ghcr.io/librelane/librelane:3.0.5,c4b8b4e5e7a05f375cca3815d51b3a37721fbf5c,tpv-predict-1.0.1
nom_typ_1p20V_25C,1.2,25,2,1,3,0,2130,0,prbs,ro_gen,ok,10.56,9.06,True,91.41,10.94,1.0,91.41,10.94,1299,5197,20791,83167,253.807,384,1537,6150,24600,75.075,33839023290,1e31757e50080b19fa7642b8b9cd6822f64b1d11,ghcr.io/librelane/librelane:3.0.5,c4b8b4e5e7a05f375cca3815d51b3a37721fbf5c,tpv-predict-1.0.1
nom_typ_1p20V_25C,1.2,25,2,1,3,0,2130,0,prbs,ro_mat,ok,10.56,9.06,True,91.41,10.94,1.0,91.41,10.94,1299,5197,20791,83167,253.807,384,1537,6150,24600,75.075,33839023290,1e31757e50080b19fa7642b8b9cd6822f64b1d11,ghcr.io/librelane/librelane:3.0.5,c4b8b4e5e7a05f375cca3815d51b3a37721fbf5c,tpv-predict-1.0.1
nom_typ_1p20V_25C,1.2,25,2,1,3,0,2130,1,worst,sta,ok,10.65,8.96,True,90.58,11.04,1.0,90.58,11.04,1299,5197,20791,83167,253.807,384,1537,6150,24600,75.075,33839023290,1e31757e50080b19fa7642b8b9cd6822f64b1d11,ghcr.io/librelane/librelane:3.0.5,c4b8b4e5e7a05f375cca3815d51b3a37721fbf5c,tpv-predict-1.0.1
nom_typ_1p20V_25C,1.2,25,2,1,3,0,2130,1,worst,ro_gen,ok,10.65,8.96,True,90.58,11.04,1.0,90.58,11.04,1299,5197,20791,83167,253.807,384,1537,6150,24600,75.075,33839023290,1e31757e50080b19fa7642b8b9cd6822f64b1d11,ghcr.io/librelane/librelane:3.0.5,c4b8b4e5e7a05f375cca3815d51b3a37721fbf5c,tpv-predict-1.0.1
nom_typ_1p20V_25C,1.2,25,2,1,3,0,2130,1,worst,ro_mat,ok,10.65,8.96,True,90.58,11.04,1.0,90.58,11.04,1299,5197,20791,83167,253.807,384,1537,6150,24600,75.075,33839023290,1e31757e50080b19fa7642b8b9cd6822f64b1d11,ghcr.io/librelane/librelane:3.0.5,c4b8b4e5e7a05f375cca3815d51b3a37721fbf5c,tpv-predict-1.0.1
nom_typ_1p20V_25C,1.2,25,2,1,3,0,2130,2,alt,sta,ok,1.21,18.4,True,625.0,1.6,1.0,625.0,1.6,1299,5197,20791,83167,253.807,384,1537,6150,24600,75.075,33839023290,1e31757e50080b19fa7642b8b9cd6822f64b1d11,ghcr.io/librelane/librelane:3.0.5,c4b8b4e5e7a05f375cca3815d51b3a37721fbf5c,tpv-predict-1.0.1
nom_typ_1p20V_25C,1.2,25,2,1,3,0,2130,2,alt,ro_gen,ok,1.21,18.4,True,625.0,1.6,1.0,625.0,1.6,1299,5197,20791,83167,253.807,384,1537,6150,24600,75.075,33839023290,1e31757e50080b19fa7642b8b9cd6822f64b1d11,ghcr.io/librelane/librelane:3.0.5,c4b8b4e5e7a05f375cca3815d51b3a37721fbf5c,tpv-predict-1.0.1
nom_typ_1p20V_25C,1.2,25,2,1,3,0,2130,2,alt,ro_mat,ok,1.21,18.4,True,625.0,1.6,1.0,625.0,1.6,1299,5197,20791,83167,253.807,384,1537,6150,24600,75.075,33839023290,1e31757e50080b19fa7642b8b9cd6822f64b1d11,ghcr.io/librelane/librelane:3.0.5,c4b8b4e5e7a05f375cca3815d51b3a37721fbf5c,tpv-predict-1.0.1
nom_typ_1p20V_25C,1.2,25,2,1,3,0,2130,3,hold,sta,no_runtime_path,,,,,,1.0,,,1299,5197,20791,83167,253.807,384,1537,6150,24600,75.075,33839023290,1e31757e50080b19fa7642b8b9cd6822f64b1d11,ghcr.io/librelane/librelane:3.0.5,c4b8b4e5e7a05f375cca3815d51b3a37721fbf5c,tpv-predict-1.0.1
nom_typ_1p20V_25C,1.2,25,2,1,3,0,2130,3,hold,ro_gen,no_runtime_path,,,,,,1.0,,,1299,5197,20791,83167,253.807,384,1537,6150,24600,75.075,33839023290,1e31757e50080b19fa7642b8b9cd6822f64b1d11,ghcr.io/librelane/librelane:3.0.5,c4b8b4e5e7a05f375cca3815d51b3a37721fbf5c,tpv-predict-1.0.1
nom_typ_1p20V_25C,1.2,25,2,1,3,0,2130,3,hold,ro_mat,no_runtime_path,,,,,,1.0,,,1299,5197,20791,83167,253.807,384,1537,6150,24600,75.075,33839023290,1e31757e50080b19fa7642b8b9cd6822f64b1d11,ghcr.io/librelane/librelane:3.0.5,c4b8b4e5e7a05f375cca3815d51b3a37721fbf5c,tpv-predict-1.0.1
nom_typ_1p20V_25C,1.2,25,1,2,0,3,1203,0,prbs,sta,ok,10.49,9.12,True,91.91,10.88,1.0,91.91,10.88,1299,5197,20791,83167,253.807,384,1537,6150,24600,75.075,33839023290,1e31757e50080b19fa7642b8b9cd6822f64b1d11,ghcr.io/librelane/librelane:3.0.5,c4b8b4e5e7a05f375cca3815d51b3a37721fbf5c,tpv-predict-1.0.1
nom_typ_1p20V_25C,1.2,25,1,2,0,3,1203,0,prbs,ro_gen,ok,10.49,9.12,True,91.91,10.88,1.0,91.91,10.88,1299,5197,20791,83167,253.807,384,1537,6150,24600,75.075,33839023290,1e31757e50080b19fa7642b8b9cd6822f64b1d11,ghcr.io/librelane/librelane:3.0.5,c4b8b4e5e7a05f375cca3815d51b3a37721fbf5c,tpv-predict-1.0.1
nom_typ_1p20V_25C,1.2,25,1,2,0,3,1203,0,prbs,ro_mat,ok,10.49,9.12,True,91.91,10.88,1.0,91.91,10.88,1299,5197,20791,83167,253.807,384,1537,6150,24600,75.075,33839023290,1e31757e50080b19fa7642b8b9cd6822f64b1d11,ghcr.io/librelane/librelane:3.0.5,c4b8b4e5e7a05f375cca3815d51b3a37721fbf5c,tpv-predict-1.0.1
nom_typ_1p20V_25C,1.2,25,1,2,0,3,1203,1,worst,sta,ok,10.59,9.03,True,91.16,10.97,1.0,91.16,10.97,1299,5197,20791,83167,253.807,384,1537,6150,24600,75.075,33839023290,1e31757e50080b19fa7642b8b9cd6822f64b1d11,ghcr.io/librelane/librelane:3.0.5,c4b8b4e5e7a05f375cca3815d51b3a37721fbf5c,tpv-predict-1.0.1
nom_typ_1p20V_25C,1.2,25,1,2,0,3,1203,1,worst,ro_gen,ok,10.59,9.03,True,91.16,10.97,1.0,91.16,10.97,1299,5197,20791,83167,253.807,384,1537,6150,24600,75.075,33839023290,1e31757e50080b19fa7642b8b9cd6822f64b1d11,ghcr.io/librelane/librelane:3.0.5,c4b8b4e5e7a05f375cca3815d51b3a37721fbf5c,tpv-predict-1.0.1
nom_typ_1p20V_25C,1.2,25,1,2,0,3,1203,1,worst,ro_mat,ok,10.59,9.03,True,91.16,10.97,1.0,91.16,10.97,1299,5197,20791,83167,253.807,384,1537,6150,24600,75.075,33839023290,1e31757e50080b19fa7642b8b9cd6822f64b1d11,ghcr.io/librelane/librelane:3.0.5,c4b8b4e5e7a05f375cca3815d51b3a37721fbf5c,tpv-predict-1.0.1
nom_typ_1p20V_25C,1.2,25,1,2,0,3,1203,2,alt,sta,ok,1.21,18.4,True,625.0,1.6,1.0,625.0,1.6,1299,5197,20791,83167,253.807,384,1537,6150,24600,75.075,33839023290,1e31757e50080b19fa7642b8b9cd6822f64b1d11,ghcr.io/librelane/librelane:3.0.5,c4b8b4e5e7a05f375cca3815d51b3a37721fbf5c,tpv-predict-1.0.1
nom_typ_1p20V_25C,1.2,25,1,2,0,3,1203,2,alt,ro_gen,ok,1.21,18.4,True,625.0,1.6,1.0,625.0,1.6,1299,5197,20791,83167,253.807,384,1537,6150,24600,75.075,33839023290,1e31757e50080b19fa7642b8b9cd6822f64b1d11,ghcr.io/librelane/librelane:3.0.5,c4b8b4e5e7a05f375cca3815d51b3a37721fbf5c,tpv-predict-1.0.1
nom_typ_1p20V_25C,1.2,25,1,2,0,3,1203,2,alt,ro_mat,ok,1.21,18.4,True,625.0,1.6,1.0,625.0,1.6,1299,5197,20791,83167,253.807,384,1537,6150,24600,75.075,33839023290,1e31757e50080b19fa7642b8b9cd6822f64b1d11,ghcr.io/librelane/librelane:3.0.5,c4b8b4e5e7a05f375cca3815d51b3a37721fbf5c,tpv-predict-1.0.1
nom_typ_1p20V_25C,1.2,25,1,2,0,3,1203,3,hold,sta,no_runtime_path,,,,,,1.0,,,1299,5197,20791,83167,253.807,384,1537,6150,24600,75.075,33839023290,1e31757e50080b19fa7642b8b9cd6822f64b1d11,ghcr.io/librelane/librelane:3.0.5,c4b8b4e5e7a05f375cca3815d51b3a37721fbf5c,tpv-predict-1.0.1
nom_typ_1p20V_25C,1.2,25,1,2,0,3,1203,3,hold,ro_gen,no_runtime_path,,,,,,1.0,,,1299,5197,20791,83167,253.807,384,1537,6150,24600,75.075,33839023290,1e31757e50080b19fa7642b8b9cd6822f64b1d11,ghcr.io/librelane/librelane:3.0.5,c4b8b4e5e7a05f375cca3815d51b3a37721fbf5c,tpv-predict-1.0.1
nom_typ_1p20V_25C,1.2,25,1,2,0,3,1203,3,hold,ro_mat,no_runtime_path,,,,,,1.0,,,1299,5197,20791,83167,253.807,384,1537,6150,24600,75.075,33839023290,1e31757e50080b19fa7642b8b9cd6822f64b1d11,ghcr.io/librelane/librelane:3.0.5,c4b8b4e5e7a05f375cca3815d51b3a37721fbf5c,tpv-predict-1.0.1
nom_slow_1p08V_125C,1.08,125,0,0,0,0,0000,0,prbs,sta,ok,8.309999999999999,11.24,True,114.2,8.757,1.0,114.2,8.757,825,3303,13212,52851,161.29,240,962,3849,15398,46.992,33839023290,1e31757e50080b19fa7642b8b9cd6822f64b1d11,ghcr.io/librelane/librelane:3.0.5,c4b8b4e5e7a05f375cca3815d51b3a37721fbf5c,tpv-predict-1.0.1
nom_slow_1p08V_125C,1.08,125,0,0,0,0,0000,0,prbs,ro_gen,ok,8.309999999999999,11.24,True,113.2,8.834,1.0,113.2,8.834,825,3303,13212,52851,161.29,240,962,3849,15398,46.992,33839023290,1e31757e50080b19fa7642b8b9cd6822f64b1d11,ghcr.io/librelane/librelane:3.0.5,c4b8b4e5e7a05f375cca3815d51b3a37721fbf5c,tpv-predict-1.0.1
nom_slow_1p08V_125C,1.08,125,0,0,0,0,0000,0,prbs,ro_mat,ok,8.309999999999999,11.24,True,111.4,8.977,1.0,111.4,8.977,825,3303,13212,52851,161.29,240,962,3849,15398,46.992,33839023290,1e31757e50080b19fa7642b8b9cd6822f64b1d11,ghcr.io/librelane/librelane:3.0.5,c4b8b4e5e7a05f375cca3815d51b3a37721fbf5c,tpv-predict-1.0.1
nom_slow_1p08V_125C,1.08,125,0,0,0,0,0000,1,worst,sta,ok,8.48,11.07,True,112.0,8.929,1.0,112.0,8.929,825,3303,13212,52851,161.29,240,962,3849,15398,46.992,33839023290,1e31757e50080b19fa7642b8b9cd6822f64b1d11,ghcr.io/librelane/librelane:3.0.5,c4b8b4e5e7a05f375cca3815d51b3a37721fbf5c,tpv-predict-1.0.1
nom_slow_1p08V_125C,1.08,125,0,0,0,0,0000,1,worst,ro_gen,ok,8.48,11.07,True,111.2,8.993,1.0,111.2,8.993,825,3303,13212,52851,161.29,240,962,3849,15398,46.992,33839023290,1e31757e50080b19fa7642b8b9cd6822f64b1d11,ghcr.io/librelane/librelane:3.0.5,c4b8b4e5e7a05f375cca3815d51b3a37721fbf5c,tpv-predict-1.0.1
nom_slow_1p08V_125C,1.08,125,0,0,0,0,0000,1,worst,ro_mat,ok,8.48,11.07,True,109.5,9.132,1.0,109.5,9.132,825,3303,13212,52851,161.29,240,962,3849,15398,46.992,33839023290,1e31757e50080b19fa7642b8b9cd6822f64b1d11,ghcr.io/librelane/librelane:3.0.5,c4b8b4e5e7a05f375cca3815d51b3a37721fbf5c,tpv-predict-1.0.1
nom_slow_1p08V_125C,1.08,125,0,0,0,0,0000,2,alt,sta,ok,1.92,17.59,True,414.9,2.41,1.0,414.9,2.41,825,3303,13212,52851,161.29,240,962,3849,15398,46.992,33839023290,1e31757e50080b19fa7642b8b9cd6822f64b1d11,ghcr.io/librelane/librelane:3.0.5,c4b8b4e5e7a05f375cca3815d51b3a37721fbf5c,tpv-predict-1.0.1
nom_slow_1p08V_125C,1.08,125,0,0,0,0,0000,2,alt,ro_gen,ok,1.92,17.59,True,396.9,2.52,1.0,396.9,2.52,825,3303,13212,52851,161.29,240,962,3849,15398,46.992,33839023290,1e31757e50080b19fa7642b8b9cd6822f64b1d11,ghcr.io/librelane/librelane:3.0.5,c4b8b4e5e7a05f375cca3815d51b3a37721fbf5c,tpv-predict-1.0.1
nom_slow_1p08V_125C,1.08,125,0,0,0,0,0000,2,alt,ro_mat,ok,1.92,17.59,True,390.6,2.56,1.0,390.6,2.56,825,3303,13212,52851,161.29,240,962,3849,15398,46.992,33839023290,1e31757e50080b19fa7642b8b9cd6822f64b1d11,ghcr.io/librelane/librelane:3.0.5,c4b8b4e5e7a05f375cca3815d51b3a37721fbf5c,tpv-predict-1.0.1
nom_slow_1p08V_125C,1.08,125,0,0,0,0,0000,3,hold,sta,no_runtime_path,,,,,,1.0,,,825,3303,13212,52851,161.29,240,962,3849,15398,46.992,33839023290,1e31757e50080b19fa7642b8b9cd6822f64b1d11,ghcr.io/librelane/librelane:3.0.5,c4b8b4e5e7a05f375cca3815d51b3a37721fbf5c,tpv-predict-1.0.1
nom_slow_1p08V_125C,1.08,125,0,0,0,0,0000,3,hold,ro_gen,no_runtime_path,,,,,,1.0,,,825,3303,13212,52851,161.29,240,962,3849,15398,46.992,33839023290,1e31757e50080b19fa7642b8b9cd6822f64b1d11,ghcr.io/librelane/librelane:3.0.5,c4b8b4e5e7a05f375cca3815d51b3a37721fbf5c,tpv-predict-1.0.1
nom_slow_1p08V_125C,1.08,125,0,0,0,0,0000,3,hold,ro_mat,no_runtime_path,,,,,,1.0,,,825,3303,13212,52851,161.29,240,962,3849,15398,46.992,33839023290,1e31757e50080b19fa7642b8b9cd6822f64b1d11,ghcr.io/librelane/librelane:3.0.5,c4b8b4e5e7a05f375cca3815d51b3a37721fbf5c,tpv-predict-1.0.1
nom_slow_1p08V_125C,1.08,125,1,1,1,1,1111,0,prbs,sta,ok,13.82,5.73,True,70.08,14.27,1.0,70.08,14.27,825,3303,13212,52851,161.29,240,962,3849,15398,46.992,33839023290,1e31757e50080b19fa7642b8b9cd6822f64b1d11,ghcr.io/librelane/librelane:3.0.5,c4b8b4e5e7a05f375cca3815d51b3a37721fbf5c,tpv-predict-1.0.1
nom_slow_1p08V_125C,1.08,125,1,1,1,1,1111,0,prbs,ro_gen,ok,13.82,5.73,True,69.56,14.38,1.0,69.56,14.38,825,3303,13212,52851,161.29,240,962,3849,15398,46.992,33839023290,1e31757e50080b19fa7642b8b9cd6822f64b1d11,ghcr.io/librelane/librelane:3.0.5,c4b8b4e5e7a05f375cca3815d51b3a37721fbf5c,tpv-predict-1.0.1
nom_slow_1p08V_125C,1.08,125,1,1,1,1,1111,0,prbs,ro_mat,ok,13.82,5.73,True,68.46,14.61,1.0,68.46,14.61,825,3303,13212,52851,161.29,240,962,3849,15398,46.992,33839023290,1e31757e50080b19fa7642b8b9cd6822f64b1d11,ghcr.io/librelane/librelane:3.0.5,c4b8b4e5e7a05f375cca3815d51b3a37721fbf5c,tpv-predict-1.0.1
nom_slow_1p08V_125C,1.08,125,1,1,1,1,1111,1,worst,sta,ok,13.98,5.56,True,69.25,14.44,1.0,69.25,14.44,825,3303,13212,52851,161.29,240,962,3849,15398,46.992,33839023290,1e31757e50080b19fa7642b8b9cd6822f64b1d11,ghcr.io/librelane/librelane:3.0.5,c4b8b4e5e7a05f375cca3815d51b3a37721fbf5c,tpv-predict-1.0.1
nom_slow_1p08V_125C,1.08,125,1,1,1,1,1111,1,worst,ro_gen,ok,13.98,5.56,True,68.81,14.53,1.0,68.81,14.53,825,3303,13212,52851,161.29,240,962,3849,15398,46.992,33839023290,1e31757e50080b19fa7642b8b9cd6822f64b1d11,ghcr.io/librelane/librelane:3.0.5,c4b8b4e5e7a05f375cca3815d51b3a37721fbf5c,tpv-predict-1.0.1
nom_slow_1p08V_125C,1.08,125,1,1,1,1,1111,1,worst,ro_mat,ok,13.98,5.56,True,67.71,14.77,1.0,67.71,14.77,825,3303,13212,52851,161.29,240,962,3849,15398,46.992,33839023290,1e31757e50080b19fa7642b8b9cd6822f64b1d11,ghcr.io/librelane/librelane:3.0.5,c4b8b4e5e7a05f375cca3815d51b3a37721fbf5c,tpv-predict-1.0.1
nom_slow_1p08V_125C,1.08,125,1,1,1,1,1111,2,alt,sta,ok,1.92,17.59,True,414.9,2.41,1.0,414.9,2.41,825,3303,13212,52851,161.29,240,962,3849,15398,46.992,33839023290,1e31757e50080b19fa7642b8b9cd6822f64b1d11,ghcr.io/librelane/librelane:3.0.5,c4b8b4e5e7a05f375cca3815d51b3a37721fbf5c,tpv-predict-1.0.1
nom_slow_1p08V_125C,1.08,125,1,1,1,1,1111,2,alt,ro_gen,ok,1.92,17.59,True,396.9,2.52,1.0,396.9,2.52,825,3303,13212,52851,161.29,240,962,3849,15398,46.992,33839023290,1e31757e50080b19fa7642b8b9cd6822f64b1d11,ghcr.io/librelane/librelane:3.0.5,c4b8b4e5e7a05f375cca3815d51b3a37721fbf5c,tpv-predict-1.0.1
nom_slow_1p08V_125C,1.08,125,1,1,1,1,1111,2,alt,ro_mat,ok,1.92,17.59,True,390.6,2.56,1.0,390.6,2.56,825,3303,13212,52851,161.29,240,962,3849,15398,46.992,33839023290,1e31757e50080b19fa7642b8b9cd6822f64b1d11,ghcr.io/librelane/librelane:3.0.5,c4b8b4e5e7a05f375cca3815d51b3a37721fbf5c,tpv-predict-1.0.1
nom_slow_1p08V_125C,1.08,125,1,1,1,1,1111,3,hold,sta,no_runtime_path,,,,,,1.0,,,825,3303,13212,52851,161.29,240,962,3849,15398,46.992,33839023290,1e31757e50080b19fa7642b8b9cd6822f64b1d11,ghcr.io/librelane/librelane:3.0.5,c4b8b4e5e7a05f375cca3815d51b3a37721fbf5c,tpv-predict-1.0.1
nom_slow_1p08V_125C,1.08,125,1,1,1,1,1111,3,hold,ro_gen,no_runtime_path,,,,,,1.0,,,825,3303,13212,52851,161.29,240,962,3849,15398,46.992,33839023290,1e31757e50080b19fa7642b8b9cd6822f64b1d11,ghcr.io/librelane/librelane:3.0.5,c4b8b4e5e7a05f375cca3815d51b3a37721fbf5c,tpv-predict-1.0.1
nom_slow_1p08V_125C,1.08,125,1,1,1,1,1111,3,hold,ro_mat,no_runtime_path,,,,,,1.0,,,825,3303,13212,52851,161.29,240,962,3849,15398,46.992,33839023290,1e31757e50080b19fa7642b8b9cd6822f64b1d11,ghcr.io/librelane/librelane:3.0.5,c4b8b4e5e7a05f375cca3815d51b3a37721fbf5c,tpv-predict-1.0.1
nom_slow_1p08V_125C,1.08,125,2,2,2,2,2222,0,prbs,sta,ok,19.28,0.27,True,50.68,19.73,1.0,50.68,19.73,825,3303,13212,52851,161.29,240,962,3849,15398,46.992,33839023290,1e31757e50080b19fa7642b8b9cd6822f64b1d11,ghcr.io/librelane/librelane:3.0.5,c4b8b4e5e7a05f375cca3815d51b3a37721fbf5c,tpv-predict-1.0.1
nom_slow_1p08V_125C,1.08,125,2,2,2,2,2222,0,prbs,ro_gen,ok,19.28,0.27,True,50.29,19.88,1.0,50.29,19.88,825,3303,13212,52851,161.29,240,962,3849,15398,46.992,33839023290,1e31757e50080b19fa7642b8b9cd6822f64b1d11,ghcr.io/librelane/librelane:3.0.5,c4b8b4e5e7a05f375cca3815d51b3a37721fbf5c,tpv-predict-1.0.1
nom_slow_1p08V_125C,1.08,125,2,2,2,2,2222,0,prbs,ro_mat,ok,19.28,0.27,True,49.49,20.21,1.0,49.49,20.21,825,3303,13212,52851,161.29,240,962,3849,15398,46.992,33839023290,1e31757e50080b19fa7642b8b9cd6822f64b1d11,ghcr.io/librelane/librelane:3.0.5,c4b8b4e5e7a05f375cca3815d51b3a37721fbf5c,tpv-predict-1.0.1
nom_slow_1p08V_125C,1.08,125,2,2,2,2,2222,1,worst,sta,ok,19.44,0.1,True,50.25,19.9,1.0,50.25,19.9,825,3303,13212,52851,161.29,240,962,3849,15398,46.992,33839023290,1e31757e50080b19fa7642b8b9cd6822f64b1d11,ghcr.io/librelane/librelane:3.0.5,c4b8b4e5e7a05f375cca3815d51b3a37721fbf5c,tpv-predict-1.0.1
nom_slow_1p08V_125C,1.08,125,2,2,2,2,2222,1,worst,ro_gen,ok,19.44,0.1,True,49.89,20.04,1.0,49.89,20.04,825,3303,13212,52851,161.29,240,962,3849,15398,46.992,33839023290,1e31757e50080b19fa7642b8b9cd6822f64b1d11,ghcr.io/librelane/librelane:3.0.5,c4b8b4e5e7a05f375cca3815d51b3a37721fbf5c,tpv-predict-1.0.1
nom_slow_1p08V_125C,1.08,125,2,2,2,2,2222,1,worst,ro_mat,ok,19.44,0.1,True,49.1,20.37,1.0,49.1,20.37,825,3303,13212,52851,161.29,240,962,3849,15398,46.992,33839023290,1e31757e50080b19fa7642b8b9cd6822f64b1d11,ghcr.io/librelane/librelane:3.0.5,c4b8b4e5e7a05f375cca3815d51b3a37721fbf5c,tpv-predict-1.0.1
nom_slow_1p08V_125C,1.08,125,2,2,2,2,2222,2,alt,sta,ok,1.92,17.59,True,414.9,2.41,1.0,414.9,2.41,825,3303,13212,52851,161.29,240,962,3849,15398,46.992,33839023290,1e31757e50080b19fa7642b8b9cd6822f64b1d11,ghcr.io/librelane/librelane:3.0.5,c4b8b4e5e7a05f375cca3815d51b3a37721fbf5c,tpv-predict-1.0.1
nom_slow_1p08V_125C,1.08,125,2,2,2,2,2222,2,alt,ro_gen,ok,1.92,17.59,True,396.9,2.52,1.0,396.9,2.52,825,3303,13212,52851,161.29,240,962,3849,15398,46.992,33839023290,1e31757e50080b19fa7642b8b9cd6822f64b1d11,ghcr.io/librelane/librelane:3.0.5,c4b8b4e5e7a05f375cca3815d51b3a37721fbf5c,tpv-predict-1.0.1
nom_slow_1p08V_125C,1.08,125,2,2,2,2,2222,2,alt,ro_mat,ok,1.92,17.59,True,390.6,2.56,1.0,390.6,2.56,825,3303,13212,52851,161.29,240,962,3849,15398,46.992,33839023290,1e31757e50080b19fa7642b8b9cd6822f64b1d11,ghcr.io/librelane/librelane:3.0.5,c4b8b4e5e7a05f375cca3815d51b3a37721fbf5c,tpv-predict-1.0.1
nom_slow_1p08V_125C,1.08,125,2,2,2,2,2222,3,hold,sta,no_runtime_path,,,,,,1.0,,,825,3303,13212,52851,161.29,240,962,3849,15398,46.992,33839023290,1e31757e50080b19fa7642b8b9cd6822f64b1d11,ghcr.io/librelane/librelane:3.0.5,c4b8b4e5e7a05f375cca3815d51b3a37721fbf5c,tpv-predict-1.0.1
nom_slow_1p08V_125C,1.08,125,2,2,2,2,2222,3,hold,ro_gen,no_runtime_path,,,,,,1.0,,,825,3303,13212,52851,161.29,240,962,3849,15398,46.992,33839023290,1e31757e50080b19fa7642b8b9cd6822f64b1d11,ghcr.io/librelane/librelane:3.0.5,c4b8b4e5e7a05f375cca3815d51b3a37721fbf5c,tpv-predict-1.0.1
nom_slow_1p08V_125C,1.08,125,2,2,2,2,2222,3,hold,ro_mat,no_runtime_path,,,,,,1.0,,,825,3303,13212,52851,161.29,240,962,3849,15398,46.992,33839023290,1e31757e50080b19fa7642b8b9cd6822f64b1d11,ghcr.io/librelane/librelane:3.0.5,c4b8b4e5e7a05f375cca3815d51b3a37721fbf5c,tpv-predict-1.0.1
nom_slow_1p08V_125C,1.08,125,3,3,3,3,3333,0,prbs,sta,ok,24.79,-5.25,False,39.6,25.25,1.0,39.6,25.25,825,3303,13212,52851,161.29,240,962,3849,15398,46.992,33839023290,1e31757e50080b19fa7642b8b9cd6822f64b1d11,ghcr.io/librelane/librelane:3.0.5,c4b8b4e5e7a05f375cca3815d51b3a37721fbf5c,tpv-predict-1.0.1
nom_slow_1p08V_125C,1.08,125,3,3,3,3,3333,0,prbs,ro_gen,ok,24.79,-5.25,False,39.28,25.46,1.0,39.28,25.46,825,3303,13212,52851,161.29,240,962,3849,15398,46.992,33839023290,1e31757e50080b19fa7642b8b9cd6822f64b1d11,ghcr.io/librelane/librelane:3.0.5,c4b8b4e5e7a05f375cca3815d51b3a37721fbf5c,tpv-predict-1.0.1
nom_slow_1p08V_125C,1.08,125,3,3,3,3,3333,0,prbs,ro_mat,ok,24.79,-5.25,False,38.65,25.87,1.0,38.65,25.87,825,3303,13212,52851,161.29,240,962,3849,15398,46.992,33839023290,1e31757e50080b19fa7642b8b9cd6822f64b1d11,ghcr.io/librelane/librelane:3.0.5,c4b8b4e5e7a05f375cca3815d51b3a37721fbf5c,tpv-predict-1.0.1
nom_slow_1p08V_125C,1.08,125,3,3,3,3,3333,1,worst,sta,ok,24.96,-5.42,False,39.34,25.42,1.0,39.34,25.42,825,3303,13212,52851,161.29,240,962,3849,15398,46.992,33839023290,1e31757e50080b19fa7642b8b9cd6822f64b1d11,ghcr.io/librelane/librelane:3.0.5,c4b8b4e5e7a05f375cca3815d51b3a37721fbf5c,tpv-predict-1.0.1
nom_slow_1p08V_125C,1.08,125,3,3,3,3,3333,1,worst,ro_gen,ok,24.96,-5.42,False,39.04,25.61,1.0,39.04,25.61,825,3303,13212,52851,161.29,240,962,3849,15398,46.992,33839023290,1e31757e50080b19fa7642b8b9cd6822f64b1d11,ghcr.io/librelane/librelane:3.0.5,c4b8b4e5e7a05f375cca3815d51b3a37721fbf5c,tpv-predict-1.0.1
nom_slow_1p08V_125C,1.08,125,3,3,3,3,3333,1,worst,ro_mat,ok,24.96,-5.42,False,38.41,26.03,1.0,38.41,26.03,825,3303,13212,52851,161.29,240,962,3849,15398,46.992,33839023290,1e31757e50080b19fa7642b8b9cd6822f64b1d11,ghcr.io/librelane/librelane:3.0.5,c4b8b4e5e7a05f375cca3815d51b3a37721fbf5c,tpv-predict-1.0.1
nom_slow_1p08V_125C,1.08,125,3,3,3,3,3333,2,alt,sta,ok,1.92,17.59,True,414.9,2.41,1.0,414.9,2.41,825,3303,13212,52851,161.29,240,962,3849,15398,46.992,33839023290,1e31757e50080b19fa7642b8b9cd6822f64b1d11,ghcr.io/librelane/librelane:3.0.5,c4b8b4e5e7a05f375cca3815d51b3a37721fbf5c,tpv-predict-1.0.1
nom_slow_1p08V_125C,1.08,125,3,3,3,3,3333,2,alt,ro_gen,ok,1.92,17.59,True,396.9,2.52,1.0,396.9,2.52,825,3303,13212,52851,161.29,240,962,3849,15398,46.992,33839023290,1e31757e50080b19fa7642b8b9cd6822f64b1d11,ghcr.io/librelane/librelane:3.0.5,c4b8b4e5e7a05f375cca3815d51b3a37721fbf5c,tpv-predict-1.0.1
nom_slow_1p08V_125C,1.08,125,3,3,3,3,3333,2,alt,ro_mat,ok,1.92,17.59,True,390.6,2.56,1.0,390.6,2.56,825,3303,13212,52851,161.29,240,962,3849,15398,46.992,33839023290,1e31757e50080b19fa7642b8b9cd6822f64b1d11,ghcr.io/librelane/librelane:3.0.5,c4b8b4e5e7a05f375cca3815d51b3a37721fbf5c,tpv-predict-1.0.1
nom_slow_1p08V_125C,1.08,125,3,3,3,3,3333,3,hold,sta,no_runtime_path,,,,,,1.0,,,825,3303,13212,52851,161.29,240,962,3849,15398,46.992,33839023290,1e31757e50080b19fa7642b8b9cd6822f64b1d11,ghcr.io/librelane/librelane:3.0.5,c4b8b4e5e7a05f375cca3815d51b3a37721fbf5c,tpv-predict-1.0.1
nom_slow_1p08V_125C,1.08,125,3,3,3,3,3333,3,hold,ro_gen,no_runtime_path,,,,,,1.0,,,825,3303,13212,52851,161.29,240,962,3849,15398,46.992,33839023290,1e31757e50080b19fa7642b8b9cd6822f64b1d11,ghcr.io/librelane/librelane:3.0.5,c4b8b4e5e7a05f375cca3815d51b3a37721fbf5c,tpv-predict-1.0.1
nom_slow_1p08V_125C,1.08,125,3,3,3,3,3333,3,hold,ro_mat,no_runtime_path,,,,,,1.0,,,825,3303,13212,52851,161.29,240,962,3849,15398,46.992,33839023290,1e31757e50080b19fa7642b8b9cd6822f64b1d11,ghcr.io/librelane/librelane:3.0.5,c4b8b4e5e7a05f375cca3815d51b3a37721fbf5c,tpv-predict-1.0.1
nom_slow_1p08V_125C,1.08,125,3,0,0,0,3000,0,prbs,sta,ok,12.44,7.1,True,77.52,12.9,1.0,77.52,12.9,825,3303,13212,52851,161.29,240,962,3849,15398,46.992,33839023290,1e31757e50080b19fa7642b8b9cd6822f64b1d11,ghcr.io/librelane/librelane:3.0.5,c4b8b4e5e7a05f375cca3815d51b3a37721fbf5c,tpv-predict-1.0.1
nom_slow_1p08V_125C,1.08,125,3,0,0,0,3000,0,prbs,ro_gen,ok,12.44,7.1,True,76.98,12.99,1.0,76.98,12.99,825,3303,13212,52851,161.29,240,962,3849,15398,46.992,33839023290,1e31757e50080b19fa7642b8b9cd6822f64b1d11,ghcr.io/librelane/librelane:3.0.5,c4b8b4e5e7a05f375cca3815d51b3a37721fbf5c,tpv-predict-1.0.1
nom_slow_1p08V_125C,1.08,125,3,0,0,0,3000,0,prbs,ro_mat,ok,12.44,7.1,True,75.76,13.2,1.0,75.76,13.2,825,3303,13212,52851,161.29,240,962,3849,15398,46.992,33839023290,1e31757e50080b19fa7642b8b9cd6822f64b1d11,ghcr.io/librelane/librelane:3.0.5,c4b8b4e5e7a05f375cca3815d51b3a37721fbf5c,tpv-predict-1.0.1
nom_slow_1p08V_125C,1.08,125,3,0,0,0,3000,1,worst,sta,ok,12.61,6.94,True,76.57,13.06,1.0,76.57,13.06,825,3303,13212,52851,161.29,240,962,3849,15398,46.992,33839023290,1e31757e50080b19fa7642b8b9cd6822f64b1d11,ghcr.io/librelane/librelane:3.0.5,c4b8b4e5e7a05f375cca3815d51b3a37721fbf5c,tpv-predict-1.0.1
nom_slow_1p08V_125C,1.08,125,3,0,0,0,3000,1,worst,ro_gen,ok,12.61,6.94,True,76.06,13.15,1.0,76.06,13.15,825,3303,13212,52851,161.29,240,962,3849,15398,46.992,33839023290,1e31757e50080b19fa7642b8b9cd6822f64b1d11,ghcr.io/librelane/librelane:3.0.5,c4b8b4e5e7a05f375cca3815d51b3a37721fbf5c,tpv-predict-1.0.1
nom_slow_1p08V_125C,1.08,125,3,0,0,0,3000,1,worst,ro_mat,ok,12.61,6.94,True,74.85,13.36,1.0,74.85,13.36,825,3303,13212,52851,161.29,240,962,3849,15398,46.992,33839023290,1e31757e50080b19fa7642b8b9cd6822f64b1d11,ghcr.io/librelane/librelane:3.0.5,c4b8b4e5e7a05f375cca3815d51b3a37721fbf5c,tpv-predict-1.0.1
nom_slow_1p08V_125C,1.08,125,3,0,0,0,3000,2,alt,sta,ok,1.92,17.59,True,414.9,2.41,1.0,414.9,2.41,825,3303,13212,52851,161.29,240,962,3849,15398,46.992,33839023290,1e31757e50080b19fa7642b8b9cd6822f64b1d11,ghcr.io/librelane/librelane:3.0.5,c4b8b4e5e7a05f375cca3815d51b3a37721fbf5c,tpv-predict-1.0.1
nom_slow_1p08V_125C,1.08,125,3,0,0,0,3000,2,alt,ro_gen,ok,1.92,17.59,True,396.9,2.52,1.0,396.9,2.52,825,3303,13212,52851,161.29,240,962,3849,15398,46.992,33839023290,1e31757e50080b19fa7642b8b9cd6822f64b1d11,ghcr.io/librelane/librelane:3.0.5,c4b8b4e5e7a05f375cca3815d51b3a37721fbf5c,tpv-predict-1.0.1
nom_slow_1p08V_125C,1.08,125,3,0,0,0,3000,2,alt,ro_mat,ok,1.92,17.59,True,390.6,2.56,1.0,390.6,2.56,825,3303,13212,52851,161.29,240,962,3849,15398,46.992,33839023290,1e31757e50080b19fa7642b8b9cd6822f64b1d11,ghcr.io/librelane/librelane:3.0.5,c4b8b4e5e7a05f375cca3815d51b3a37721fbf5c,tpv-predict-1.0.1
nom_slow_1p08V_125C,1.08,125,3,0,0,0,3000,3,hold,sta,no_runtime_path,,,,,,1.0,,,825,3303,13212,52851,161.29,240,962,3849,15398,46.992,33839023290,1e31757e50080b19fa7642b8b9cd6822f64b1d11,ghcr.io/librelane/librelane:3.0.5,c4b8b4e5e7a05f375cca3815d51b3a37721fbf5c,tpv-predict-1.0.1
nom_slow_1p08V_125C,1.08,125,3,0,0,0,3000,3,hold,ro_gen,no_runtime_path,,,,,,1.0,,,825,3303,13212,52851,161.29,240,962,3849,15398,46.992,33839023290,1e31757e50080b19fa7642b8b9cd6822f64b1d11,ghcr.io/librelane/librelane:3.0.5,c4b8b4e5e7a05f375cca3815d51b3a37721fbf5c,tpv-predict-1.0.1
nom_slow_1p08V_125C,1.08,125,3,0,0,0,3000,3,hold,ro_mat,no_runtime_path,,,,,,1.0,,,825,3303,13212,52851,161.29,240,962,3849,15398,46.992,33839023290,1e31757e50080b19fa7642b8b9cd6822f64b1d11,ghcr.io/librelane/librelane:3.0.5,c4b8b4e5e7a05f375cca3815d51b3a37721fbf5c,tpv-predict-1.0.1
nom_slow_1p08V_125C,1.08,125,0,0,0,3,0003,0,prbs,sta,ok,12.36,7.19,True,78.06,12.81,1.0,78.06,12.81,825,3303,13212,52851,161.29,240,962,3849,15398,46.992,33839023290,1e31757e50080b19fa7642b8b9cd6822f64b1d11,ghcr.io/librelane/librelane:3.0.5,c4b8b4e5e7a05f375cca3815d51b3a37721fbf5c,tpv-predict-1.0.1
nom_slow_1p08V_125C,1.08,125,0,0,0,3,0003,0,prbs,ro_gen,ok,12.36,7.19,True,77.36,12.93,1.0,77.36,12.93,825,3303,13212,52851,161.29,240,962,3849,15398,46.992,33839023290,1e31757e50080b19fa7642b8b9cd6822f64b1d11,ghcr.io/librelane/librelane:3.0.5,c4b8b4e5e7a05f375cca3815d51b3a37721fbf5c,tpv-predict-1.0.1
nom_slow_1p08V_125C,1.08,125,0,0,0,3,0003,0,prbs,ro_mat,ok,12.36,7.19,True,76.13,13.14,1.0,76.13,13.14,825,3303,13212,52851,161.29,240,962,3849,15398,46.992,33839023290,1e31757e50080b19fa7642b8b9cd6822f64b1d11,ghcr.io/librelane/librelane:3.0.5,c4b8b4e5e7a05f375cca3815d51b3a37721fbf5c,tpv-predict-1.0.1
nom_slow_1p08V_125C,1.08,125,0,0,0,3,0003,1,worst,sta,ok,12.52,7.02,True,77.04,12.98,1.0,77.04,12.98,825,3303,13212,52851,161.29,240,962,3849,15398,46.992,33839023290,1e31757e50080b19fa7642b8b9cd6822f64b1d11,ghcr.io/librelane/librelane:3.0.5,c4b8b4e5e7a05f375cca3815d51b3a37721fbf5c,tpv-predict-1.0.1
nom_slow_1p08V_125C,1.08,125,0,0,0,3,0003,1,worst,ro_gen,ok,12.52,7.02,True,76.43,13.08,1.0,76.43,13.08,825,3303,13212,52851,161.29,240,962,3849,15398,46.992,33839023290,1e31757e50080b19fa7642b8b9cd6822f64b1d11,ghcr.io/librelane/librelane:3.0.5,c4b8b4e5e7a05f375cca3815d51b3a37721fbf5c,tpv-predict-1.0.1
nom_slow_1p08V_125C,1.08,125,0,0,0,3,0003,1,worst,ro_mat,ok,12.52,7.02,True,75.21,13.3,1.0,75.21,13.3,825,3303,13212,52851,161.29,240,962,3849,15398,46.992,33839023290,1e31757e50080b19fa7642b8b9cd6822f64b1d11,ghcr.io/librelane/librelane:3.0.5,c4b8b4e5e7a05f375cca3815d51b3a37721fbf5c,tpv-predict-1.0.1
nom_slow_1p08V_125C,1.08,125,0,0,0,3,0003,2,alt,sta,ok,1.92,17.59,True,414.9,2.41,1.0,414.9,2.41,825,3303,13212,52851,161.29,240,962,3849,15398,46.992,33839023290,1e31757e50080b19fa7642b8b9cd6822f64b1d11,ghcr.io/librelane/librelane:3.0.5,c4b8b4e5e7a05f375cca3815d51b3a37721fbf5c,tpv-predict-1.0.1
nom_slow_1p08V_125C,1.08,125,0,0,0,3,0003,2,alt,ro_gen,ok,1.92,17.59,True,396.9,2.52,1.0,396.9,2.52,825,3303,13212,52851,161.29,240,962,3849,15398,46.992,33839023290,1e31757e50080b19fa7642b8b9cd6822f64b1d11,ghcr.io/librelane/librelane:3.0.5,c4b8b4e5e7a05f375cca3815d51b3a37721fbf5c,tpv-predict-1.0.1
nom_slow_1p08V_125C,1.08,125,0,0,0,3,0003,2,alt,ro_mat,ok,1.92,17.59,True,390.6,2.56,1.0,390.6,2.56,825,3303,13212,52851,161.29,240,962,3849,15398,46.992,33839023290,1e31757e50080b19fa7642b8b9cd6822f64b1d11,ghcr.io/librelane/librelane:3.0.5,c4b8b4e5e7a05f375cca3815d51b3a37721fbf5c,tpv-predict-1.0.1
nom_slow_1p08V_125C,1.08,125,0,0,0,3,0003,3,hold,sta,no_runtime_path,,,,,,1.0,,,825,3303,13212,52851,161.29,240,962,3849,15398,46.992,33839023290,1e31757e50080b19fa7642b8b9cd6822f64b1d11,ghcr.io/librelane/librelane:3.0.5,c4b8b4e5e7a05f375cca3815d51b3a37721fbf5c,tpv-predict-1.0.1
nom_slow_1p08V_125C,1.08,125,0,0,0,3,0003,3,hold,ro_gen,no_runtime_path,,,,,,1.0,,,825,3303,13212,52851,161.29,240,962,3849,15398,46.992,33839023290,1e31757e50080b19fa7642b8b9cd6822f64b1d11,ghcr.io/librelane/librelane:3.0.5,c4b8b4e5e7a05f375cca3815d51b3a37721fbf5c,tpv-predict-1.0.1
nom_slow_1p08V_125C,1.08,125,0,0,0,3,0003,3,hold,ro_mat,no_runtime_path,,,,,,1.0,,,825,3303,13212,52851,161.29,240,962,3849,15398,46.992,33839023290,1e31757e50080b19fa7642b8b9cd6822f64b1d11,ghcr.io/librelane/librelane:3.0.5,c4b8b4e5e7a05f375cca3815d51b3a37721fbf5c,tpv-predict-1.0.1
nom_slow_1p08V_125C,1.08,125,2,1,3,0,2130,0,prbs,sta,ok,16.65,2.9,True,58.48,17.1,1.0,58.48,17.1,825,3303,13212,52851,161.29,240,962,3849,15398,46.992,33839023290,1e31757e50080b19fa7642b8b9cd6822f64b1d11,ghcr.io/librelane/librelane:3.0.5,c4b8b4e5e7a05f375cca3815d51b3a37721fbf5c,tpv-predict-1.0.1
nom_slow_1p08V_125C,1.08,125,2,1,3,0,2130,0,prbs,ro_gen,ok,16.65,2.9,True,58.05,17.23,1.0,58.05,17.23,825,3303,13212,52851,161.29,240,962,3849,15398,46.992,33839023290,1e31757e50080b19fa7642b8b9cd6822f64b1d11,ghcr.io/librelane/librelane:3.0.5,c4b8b4e5e7a05f375cca3815d51b3a37721fbf5c,tpv-predict-1.0.1
nom_slow_1p08V_125C,1.08,125,2,1,3,0,2130,0,prbs,ro_mat,ok,16.65,2.9,True,57.13,17.5,1.0,57.13,17.5,825,3303,13212,52851,161.29,240,962,3849,15398,46.992,33839023290,1e31757e50080b19fa7642b8b9cd6822f64b1d11,ghcr.io/librelane/librelane:3.0.5,c4b8b4e5e7a05f375cca3815d51b3a37721fbf5c,tpv-predict-1.0.1
nom_slow_1p08V_125C,1.08,125,2,1,3,0,2130,1,worst,sta,ok,16.81,2.73,True,57.9,17.27,1.0,57.9,17.27,825,3303,13212,52851,161.29,240,962,3849,15398,46.992,33839023290,1e31757e50080b19fa7642b8b9cd6822f64b1d11,ghcr.io/librelane/librelane:3.0.5,c4b8b4e5e7a05f375cca3815d51b3a37721fbf5c,tpv-predict-1.0.1
nom_slow_1p08V_125C,1.08,125,2,1,3,0,2130,1,worst,ro_gen,ok,16.81,2.73,True,57.53,17.38,1.0,57.53,17.38,825,3303,13212,52851,161.29,240,962,3849,15398,46.992,33839023290,1e31757e50080b19fa7642b8b9cd6822f64b1d11,ghcr.io/librelane/librelane:3.0.5,c4b8b4e5e7a05f375cca3815d51b3a37721fbf5c,tpv-predict-1.0.1
nom_slow_1p08V_125C,1.08,125,2,1,3,0,2130,1,worst,ro_mat,ok,16.81,2.73,True,56.61,17.66,1.0,56.61,17.66,825,3303,13212,52851,161.29,240,962,3849,15398,46.992,33839023290,1e31757e50080b19fa7642b8b9cd6822f64b1d11,ghcr.io/librelane/librelane:3.0.5,c4b8b4e5e7a05f375cca3815d51b3a37721fbf5c,tpv-predict-1.0.1
nom_slow_1p08V_125C,1.08,125,2,1,3,0,2130,2,alt,sta,ok,1.92,17.59,True,414.9,2.41,1.0,414.9,2.41,825,3303,13212,52851,161.29,240,962,3849,15398,46.992,33839023290,1e31757e50080b19fa7642b8b9cd6822f64b1d11,ghcr.io/librelane/librelane:3.0.5,c4b8b4e5e7a05f375cca3815d51b3a37721fbf5c,tpv-predict-1.0.1
nom_slow_1p08V_125C,1.08,125,2,1,3,0,2130,2,alt,ro_gen,ok,1.92,17.59,True,396.9,2.52,1.0,396.9,2.52,825,3303,13212,52851,161.29,240,962,3849,15398,46.992,33839023290,1e31757e50080b19fa7642b8b9cd6822f64b1d11,ghcr.io/librelane/librelane:3.0.5,c4b8b4e5e7a05f375cca3815d51b3a37721fbf5c,tpv-predict-1.0.1
nom_slow_1p08V_125C,1.08,125,2,1,3,0,2130,2,alt,ro_mat,ok,1.92,17.59,True,390.6,2.56,1.0,390.6,2.56,825,3303,13212,52851,161.29,240,962,3849,15398,46.992,33839023290,1e31757e50080b19fa7642b8b9cd6822f64b1d11,ghcr.io/librelane/librelane:3.0.5,c4b8b4e5e7a05f375cca3815d51b3a37721fbf5c,tpv-predict-1.0.1
nom_slow_1p08V_125C,1.08,125,2,1,3,0,2130,3,hold,sta,no_runtime_path,,,,,,1.0,,,825,3303,13212,52851,161.29,240,962,3849,15398,46.992,33839023290,1e31757e50080b19fa7642b8b9cd6822f64b1d11,ghcr.io/librelane/librelane:3.0.5,c4b8b4e5e7a05f375cca3815d51b3a37721fbf5c,tpv-predict-1.0.1
nom_slow_1p08V_125C,1.08,125,2,1,3,0,2130,3,hold,ro_gen,no_runtime_path,,,,,,1.0,,,825,3303,13212,52851,161.29,240,962,3849,15398,46.992,33839023290,1e31757e50080b19fa7642b8b9cd6822f64b1d11,ghcr.io/librelane/librelane:3.0.5,c4b8b4e5e7a05f375cca3815d51b3a37721fbf5c,tpv-predict-1.0.1
nom_slow_1p08V_125C,1.08,125,2,1,3,0,2130,3,hold,ro_mat,no_runtime_path,,,,,,1.0,,,825,3303,13212,52851,161.29,240,962,3849,15398,46.992,33839023290,1e31757e50080b19fa7642b8b9cd6822f64b1d11,ghcr.io/librelane/librelane:3.0.5,c4b8b4e5e7a05f375cca3815d51b3a37721fbf5c,tpv-predict-1.0.1
nom_slow_1p08V_125C,1.08,125,1,2,0,3,1203,0,prbs,sta,ok,16.53,3.02,True,58.89,16.98,1.0,58.89,16.98,825,3303,13212,52851,161.29,240,962,3849,15398,46.992,33839023290,1e31757e50080b19fa7642b8b9cd6822f64b1d11,ghcr.io/librelane/librelane:3.0.5,c4b8b4e5e7a05f375cca3815d51b3a37721fbf5c,tpv-predict-1.0.1
nom_slow_1p08V_125C,1.08,125,1,2,0,3,1203,0,prbs,ro_gen,ok,16.53,3.02,True,58.37,17.13,1.0,58.37,17.13,825,3303,13212,52851,161.29,240,962,3849,15398,46.992,33839023290,1e31757e50080b19fa7642b8b9cd6822f64b1d11,ghcr.io/librelane/librelane:3.0.5,c4b8b4e5e7a05f375cca3815d51b3a37721fbf5c,tpv-predict-1.0.1
nom_slow_1p08V_125C,1.08,125,1,2,0,3,1203,0,prbs,ro_mat,ok,16.53,3.02,True,57.45,17.41,1.0,57.45,17.41,825,3303,13212,52851,161.29,240,962,3849,15398,46.992,33839023290,1e31757e50080b19fa7642b8b9cd6822f64b1d11,ghcr.io/librelane/librelane:3.0.5,c4b8b4e5e7a05f375cca3815d51b3a37721fbf5c,tpv-predict-1.0.1
nom_slow_1p08V_125C,1.08,125,1,2,0,3,1203,1,worst,sta,ok,16.7,2.85,True,58.31,17.15,1.0,58.31,17.15,825,3303,13212,52851,161.29,240,962,3849,15398,46.992,33839023290,1e31757e50080b19fa7642b8b9cd6822f64b1d11,ghcr.io/librelane/librelane:3.0.5,c4b8b4e5e7a05f375cca3815d51b3a37721fbf5c,tpv-predict-1.0.1
nom_slow_1p08V_125C,1.08,125,1,2,0,3,1203,1,worst,ro_gen,ok,16.7,2.85,True,57.89,17.27,1.0,57.89,17.27,825,3303,13212,52851,161.29,240,962,3849,15398,46.992,33839023290,1e31757e50080b19fa7642b8b9cd6822f64b1d11,ghcr.io/librelane/librelane:3.0.5,c4b8b4e5e7a05f375cca3815d51b3a37721fbf5c,tpv-predict-1.0.1
nom_slow_1p08V_125C,1.08,125,1,2,0,3,1203,1,worst,ro_mat,ok,16.7,2.85,True,56.97,17.55,1.0,56.97,17.55,825,3303,13212,52851,161.29,240,962,3849,15398,46.992,33839023290,1e31757e50080b19fa7642b8b9cd6822f64b1d11,ghcr.io/librelane/librelane:3.0.5,c4b8b4e5e7a05f375cca3815d51b3a37721fbf5c,tpv-predict-1.0.1
nom_slow_1p08V_125C,1.08,125,1,2,0,3,1203,2,alt,sta,ok,1.92,17.59,True,414.9,2.41,1.0,414.9,2.41,825,3303,13212,52851,161.29,240,962,3849,15398,46.992,33839023290,1e31757e50080b19fa7642b8b9cd6822f64b1d11,ghcr.io/librelane/librelane:3.0.5,c4b8b4e5e7a05f375cca3815d51b3a37721fbf5c,tpv-predict-1.0.1
nom_slow_1p08V_125C,1.08,125,1,2,0,3,1203,2,alt,ro_gen,ok,1.92,17.59,True,396.9,2.52,1.0,396.9,2.52,825,3303,13212,52851,161.29,240,962,3849,15398,46.992,33839023290,1e31757e50080b19fa7642b8b9cd6822f64b1d11,ghcr.io/librelane/librelane:3.0.5,c4b8b4e5e7a05f375cca3815d51b3a37721fbf5c,tpv-predict-1.0.1
nom_slow_1p08V_125C,1.08,125,1,2,0,3,1203,2,alt,ro_mat,ok,1.92,17.59,True,390.6,2.56,1.0,390.6,2.56,825,3303,13212,52851,161.29,240,962,3849,15398,46.992,33839023290,1e31757e50080b19fa7642b8b9cd6822f64b1d11,ghcr.io/librelane/librelane:3.0.5,c4b8b4e5e7a05f375cca3815d51b3a37721fbf5c,tpv-predict-1.0.1
nom_slow_1p08V_125C,1.08,125,1,2,0,3,1203,3,hold,sta,no_runtime_path,,,,,,1.0,,,825,3303,13212,52851,161.29,240,962,3849,15398,46.992,33839023290,1e31757e50080b19fa7642b8b9cd6822f64b1d11,ghcr.io/librelane/librelane:3.0.5,c4b8b4e5e7a05f375cca3815d51b3a37721fbf5c,tpv-predict-1.0.1
nom_slow_1p08V_125C,1.08,125,1,2,0,3,1203,3,hold,ro_gen,no_runtime_path,,,,,,1.0,,,825,3303,13212,52851,161.29,240,962,3849,15398,46.992,33839023290,1e31757e50080b19fa7642b8b9cd6822f64b1d11,ghcr.io/librelane/librelane:3.0.5,c4b8b4e5e7a05f375cca3815d51b3a37721fbf5c,tpv-predict-1.0.1
nom_slow_1p08V_125C,1.08,125,1,2,0,3,1203,3,hold,ro_mat,no_runtime_path,,,,,,1.0,,,825,3303,13212,52851,161.29,240,962,3849,15398,46.992,33839023290,1e31757e50080b19fa7642b8b9cd6822f64b1d11,ghcr.io/librelane/librelane:3.0.5,c4b8b4e5e7a05f375cca3815d51b3a37721fbf5c,tpv-predict-1.0.1
