corner,canary,can_sel,vdd,temp,lib,status,control_pins,n_control_pins,f_osc_mhz,period_ns,period_std_ps,n_periods,n_periods_raw,period_min_s,period_max_s,node,vmin,vmax,tstop_ns,tstep_ps,solver,wall_s,deck,raw,log
nom_fast_1p32V_m40C,ro_gen,0,1.32,-40,mos_ff,ok,ok,9,1246.6497228786873,0.802149939672598,0.08650088115928405,246,246,8.020442307390775e-10,8.022877095625489e-10,v(x1._1351_\/clk),-0.044954892678717606,1.3741073427160237,213.8,5.0,,50.75,sim/sweep/nom_fast_1p32V_m40C_ro_gen_sel0.sp,sim/sweep/nom_fast_1p32V_m40C_ro_gen_sel0.raw,sim/sweep/nom_fast_1p32V_m40C_ro_gen_sel0.log
nom_fast_1p32V_m40C,ro_mat,0,1.32,-40,mos_ff,ok,ok,9,694.750433541889,1.43936578046008,0.03643932135735952,215,215,1.4392723410430837e-09,1.4393961996255728e-09,v(x1._1367_\/clk),-0.039558795312159736,1.3748500356677598,337.5,5.0,,175.74,sim/sweep/nom_fast_1p32V_m40C_ro_mat_sel0.sp,sim/sweep/nom_fast_1p32V_m40C_ro_mat_sel0.raw,sim/sweep/nom_fast_1p32V_m40C_ro_mat_sel0.log
nom_fast_1p32V_m40C,ro_gen,1,1.32,-40,mos_ff,ok,ok,9,769.3563590781678,1.2997877878051027,26.923887728763145,234,237,8.888131651889234e-10,1.3016504346124414e-09,v(x1._1351_\/clk),-0.09378840430280384,1.4275135982799865,315.0,5.0,,73.78,sim/sweep/nom_fast_1p32V_m40C_ro_gen_sel1.sp,sim/sweep/nom_fast_1p32V_m40C_ro_gen_sel1.raw,sim/sweep/nom_fast_1p32V_m40C_ro_gen_sel1.log
nom_fast_1p32V_m40C,ro_mat,1,1.32,-40,mos_ff,ok,ok,9,331.51307547599407,3.0164722720640116,0.10067123432474097,198,198,3.0163231784910566e-09,3.0166142529162915e-09,v(x1._1367_\/clk),-0.040023559282249106,1.3795047779263918,652.5,5.0,,339.55,sim/sweep/nom_fast_1p32V_m40C_ro_mat_sel1.sp,sim/sweep/nom_fast_1p32V_m40C_ro_mat_sel1.raw,sim/sweep/nom_fast_1p32V_m40C_ro_mat_sel1.log
nom_fast_1p32V_m40C,ro_gen,2,1.32,-40,mos_ff,ok,ok,9,552.9925406944179,1.8083426563842153,0.10988678180266309,223,235,1.8081511723539503e-09,1.808502088409891e-09,v(x1._1351_\/clk),-0.05118171987926624,1.3822103105395742,423.8,5.0,,98.27,sim/sweep/nom_fast_1p32V_m40C_ro_gen_sel2.sp,sim/sweep/nom_fast_1p32V_m40C_ro_gen_sel2.raw,sim/sweep/nom_fast_1p32V_m40C_ro_gen_sel2.log
nom_fast_1p32V_m40C,ro_mat,2,1.32,-40,mos_ff,ok,ok,9,218.25712894115733,4.581751830290054,108.78331190951516,199,240,3.0510394393982036e-09,4.589756637431817e-09,v(x1._1367_\/clk),-0.04832726937077606,1.3832757800300015,967.5,5.0,,495.66,sim/sweep/nom_fast_1p32V_m40C_ro_mat_sel2.sp,sim/sweep/nom_fast_1p32V_m40C_ro_mat_sel2.raw,sim/sweep/nom_fast_1p32V_m40C_ro_mat_sel2.log
nom_fast_1p32V_m40C,ro_gen,3,1.32,-40,mos_ff,ok,ok,9,438.02766257635415,2.28296083886183,0.0930107787556027,208,208,2.282789757401347e-09,2.283113645192415e-09,v(x1._1351_\/clk),-0.04000992708370307,1.375513660238435,521.3,5.0,,120.88,sim/sweep/nom_fast_1p32V_m40C_ro_gen_sel3.sp,sim/sweep/nom_fast_1p32V_m40C_ro_gen_sel3.raw,sim/sweep/nom_fast_1p32V_m40C_ro_gen_sel3.log
nom_fast_1p32V_m40C,ro_mat,3,1.32,-40,mos_ff,ok,ok,9,164.2096583096534,6.089775779901327,136.21635308358339,198,215,4.177889477858965e-09,6.099675995362413e-09,v(x1._1367_\/clk),-0.06150287931268901,1.379016830619406,1275.0,5.0,,640.7,sim/sweep/nom_fast_1p32V_m40C_ro_mat_sel3.sp,sim/sweep/nom_fast_1p32V_m40C_ro_mat_sel3.raw,sim/sweep/nom_fast_1p32V_m40C_ro_mat_sel3.log
nom_typ_1p20V_25C,ro_gen,0,1.2,25,mos_tt,ok,ok,9,825.4253271846344,1.2114966273336993,0.05714750455274809,227,227,1.211410446460692e-09,1.2116033337581263e-09,v(x1._1351_\/clk),-0.042538319994436184,1.2534730608147853,300.0,5.0,,68.54,sim/sweep/nom_typ_1p20V_25C_ro_gen_sel0.sp,sim/sweep/nom_typ_1p20V_25C_ro_gen_sel0.raw,sim/sweep/nom_typ_1p20V_25C_ro_gen_sel0.log
nom_typ_1p20V_25C,ro_mat,0,1.2,25,mos_tt,ok,ok,9,458.8043172043655,2.1795784444516664,0.02210351733393972,209,209,2.1795286617238622e-09,2.1796027055540623e-09,v(x1._1367_\/clk),-0.040199452939225166,1.2539526940650987,498.8,5.0,,256.83,sim/sweep/nom_typ_1p20V_25C_ro_mat_sel0.sp,sim/sweep/nom_typ_1p20V_25C_ro_mat_sel0.raw,sim/sweep/nom_typ_1p20V_25C_ro_mat_sel0.log
nom_typ_1p20V_25C,ro_gen,1,1.2,25,mos_tt,ok,ok,9,508.8023680466996,1.9653996577079937,0.02011141924054651,221,221,1.9653793146606463e-09,1.9654452181466297e-09,v(x1._1351_\/clk),-0.09570323807990719,1.3025854206451546,450.0,5.0,,102.27,sim/sweep/nom_typ_1p20V_25C_ro_gen_sel1.sp,sim/sweep/nom_typ_1p20V_25C_ro_gen_sel1.raw,sim/sweep/nom_typ_1p20V_25C_ro_gen_sel1.log
nom_typ_1p20V_25C,ro_mat,1,1.2,25,mos_tt,ok,ok,9,219.23873353553617,4.561237806265247,0.04639598072427199,193,193,4.561164642386951e-09,4.56132578016512e-09,v(x1._1367_\/clk),-0.042102306741582135,1.2546559781212503,948.8,5.0,,451.24,sim/sweep/nom_typ_1p20V_25C_ro_mat_sel1.sp,sim/sweep/nom_typ_1p20V_25C_ro_mat_sel1.raw,sim/sweep/nom_typ_1p20V_25C_ro_mat_sel1.log
nom_typ_1p20V_25C,ro_gen,2,1.2,25,mos_tt,ok,ok,9,366.25034397018544,2.730372862343045,0.018656053903998233,205,235,2.7303428366635386e-09,2.7304079362065305e-09,v(x1._1351_\/clk),-0.04835417956035584,1.2569567448463135,607.5,5.0,,136.26,sim/sweep/nom_typ_1p20V_25C_ro_gen_sel2.sp,sim/sweep/nom_typ_1p20V_25C_ro_gen_sel2.raw,sim/sweep/nom_typ_1p20V_25C_ro_gen_sel2.log
nom_typ_1p20V_25C,ro_mat,2,1.2,25,mos_tt,ok,ok,9,144.1929616391438,6.935151262809848,0.008115858031633654,193,208,6.9351403195671946e-09,6.935173435512149e-09,v(x1._1367_\/clk),-0.040230565673267514,1.2544412131016622,1406.3,5.0,,645.26,sim/sweep/nom_typ_1p20V_25C_ro_mat_sel2.sp,sim/sweep/nom_typ_1p20V_25C_ro_mat_sel2.raw,sim/sweep/nom_typ_1p20V_25C_ro_mat_sel2.log
nom_typ_1p20V_25C,ro_gen,3,1.2,25,mos_tt,ok,ok,9,290.0471704256522,3.4477150683196545,0.06064517828243074,200,200,3.447609221141618e-09,3.447820412632207e-09,v(x1._1351_\/clk),-0.041789145134967655,1.254521701541524,750.0,5.0,,159.92,sim/sweep/nom_typ_1p20V_25C_ro_gen_sel3.sp,sim/sweep/nom_typ_1p20V_25C_ro_gen_sel3.raw,sim/sweep/nom_typ_1p20V_25C_ro_gen_sel3.log
nom_typ_1p20V_25C,ro_mat,3,1.2,25,mos_tt,ok,ok,9,108.50264620559881,9.216365083899673,0.04923204758484871,190,206,9.216300201899724e-09,9.216456385573879e-09,v(x1._1367_\/clk),-0.043770401138372335,1.2564001794559752,1845.0,5.0,,804.59,sim/sweep/nom_typ_1p20V_25C_ro_mat_sel3.sp,sim/sweep/nom_typ_1p20V_25C_ro_mat_sel3.raw,sim/sweep/nom_typ_1p20V_25C_ro_mat_sel3.log
nom_slow_1p08V_125C,ro_gen,0,1.08,125,mos_ss,ok,ok,9,519.9720254268391,1.9231803849045752,0.039550452731931696,217,217,1.923110922486707e-09,1.923246298512227e-09,v(x1._1351_\/clk),-0.037646650697231755,1.129496760402221,457.5,5.0,,90.78,sim/sweep/nom_slow_1p08V_125C_ro_gen_sel0.sp,sim/sweep/nom_slow_1p08V_125C_ro_gen_sel0.raw,sim/sweep/nom_slow_1p08V_125C_ro_gen_sel0.log
nom_slow_1p08V_125C,ro_mat,0,1.08,125,mos_ss,ok,ok,9,288.96979039844933,3.4605693509385125,0.016699670533182397,202,202,3.460542888380662e-09,3.4606007382223126e-09,v(x1._1367_\/clk),-0.03779896899392457,1.1297914395277895,768.8,5.0,,333.18,sim/sweep/nom_slow_1p08V_125C_ro_mat_sel0.sp,sim/sweep/nom_slow_1p08V_125C_ro_mat_sel0.raw,sim/sweep/nom_slow_1p08V_125C_ro_mat_sel0.log
nom_slow_1p08V_125C,ro_gen,1,1.08,125,mos_ss,ok,ok,9,320.94051360263063,3.1158422125482743,0.023172106008636686,210,210,3.1158066792136816e-09,3.1158840537490074e-09,v(x1._1351_\/clk),-0.07934507025807044,1.1661479325591095,690.0,5.0,,136.71,sim/sweep/nom_slow_1p08V_125C_ro_gen_sel1.sp,sim/sweep/nom_slow_1p08V_125C_ro_gen_sel1.raw,sim/sweep/nom_slow_1p08V_125C_ro_gen_sel1.log
nom_slow_1p08V_125C,ro_mat,1,1.08,125,mos_ss,ok,ok,9,138.2877725794444,7.231297325477666,0.030877320564826477,193,193,7.231248593729935e-09,7.231353717392044e-09,v(x1._1367_\/clk),-0.03965546902443293,1.1304010272933376,1477.5,5.0,,589.23,sim/sweep/nom_slow_1p08V_125C_ro_mat_sel1.sp,sim/sweep/nom_slow_1p08V_125C_ro_mat_sel1.raw,sim/sweep/nom_slow_1p08V_125C_ro_mat_sel1.log
nom_slow_1p08V_125C,ro_gen,2,1.08,125,mos_ss,ok,ok,9,231.20333367668061,4.325197150480624,0.04918486573736837,201,231,4.325184029757948e-09,4.325887116117969e-09,v(x1._1351_\/clk),-0.04659450837309486,1.1340943227749283,941.3,5.0,,186.33,sim/sweep/nom_slow_1p08V_125C_ro_gen_sel2.sp,sim/sweep/nom_slow_1p08V_125C_ro_gen_sel2.raw,sim/sweep/nom_slow_1p08V_125C_ro_gen_sel2.log
nom_slow_1p08V_125C,ro_mat,2,1.08,125,mos_ss,ok,ok,9,91.2331577386874,10.960927197809248,301.03507657003405,169,196,7.0590666647932644e-09,1.0984189536290028e-08,v(x1._1367_\/clk),-0.03783156062813007,1.1359039496859387,2000.0,5.0,,718.33,sim/sweep/nom_slow_1p08V_125C_ro_mat_sel2.sp,sim/sweep/nom_slow_1p08V_125C_ro_mat_sel2.raw,sim/sweep/nom_slow_1p08V_125C_ro_mat_sel2.log
nom_slow_1p08V_125C,ro_gen,3,1.08,125,mos_ss,ok,ok,9,183.09012097762704,5.461791136847828,0.03714061943244101,199,199,5.461731387239564e-09,5.461857335444274e-09,v(x1._1351_\/clk),-0.039410617156467945,1.132355363202582,1162.5,5.0,,209.8,sim/sweep/nom_slow_1p08V_125C_ro_gen_sel3.sp,sim/sweep/nom_slow_1p08V_125C_ro_gen_sel3.raw,sim/sweep/nom_slow_1p08V_125C_ro_gen_sel3.log
nom_slow_1p08V_125C,ro_mat,3,1.08,125,mos_ss,ok,ok,9,68.75412356427958,14.544582174261595,564.8096125052309,120,180,8.383236891081796e-09,1.4597802543099744e-08,v(x1._1367_\/clk),-0.04422190747117118,1.138835784872247,2000.0,5.0,,676.19,sim/sweep/nom_slow_1p08V_125C_ro_mat_sel3.sp,sim/sweep/nom_slow_1p08V_125C_ro_mat_sel3.raw,sim/sweep/nom_slow_1p08V_125C_ro_mat_sel3.log
