corner,v_volt,t_celsius,pattern,pat_name,seg0,seg1,seg2,seg3,cfg_word,clk_period_ns,startpoint,startpoint_reg,endpoint,endpoint_reg,endpoint_bit,path_delay_ns,arrival_ns,required_ns,slack_ns,slack_met,predicted_fmax_mhz,sensitizing_vector,sensitizing_chain_stages,global_startpoint,global_startpoint_reg,global_endpoint,global_slack_ns,global_path_delay_ns,run_id,git_commit,librelane_image,pdk_rev
nom_fast_1p32V_m40C,1.32,-40,0,prbs,0,0,0,0,0x0000,20.0,_1408_,u_pat.lfsr[12],_1488_,result_reg[16],16,3.44,3.66,19.89,16.24,True,265.957,"a=0x455D,b=0xBA8A,cin=1",12,_1409_,_0043_,_1488_,16.22,3.46,33839023290,1e31757e50080b19fa7642b8b9cd6822f64b1d11,ghcr.io/librelane/librelane:3.0.5,c4b8b4e5e7a05f375cca3815d51b3a37721fbf5c
nom_fast_1p32V_m40C,1.32,-40,1,worst,0,0,0,0,0x0100,20.0,_1412_,u_pat.idx[0],_1488_,result_reg[16],16,3.49,3.72,19.89,16.17,True,261.097,"a=0xFFFF,b=0x0001,cin=0",17,_1412_,u_pat.idx[0],_1488_,16.17,3.49,33839023290,1e31757e50080b19fa7642b8b9cd6822f64b1d11,ghcr.io/librelane/librelane:3.0.5,c4b8b4e5e7a05f375cca3815d51b3a37721fbf5c
nom_fast_1p32V_m40C,1.32,-40,2,alt,0,0,0,0,0x0200,20.0,_1412_,u_pat.idx[0],_1476_,result_reg[4],4,0.79,1.02,19.88,18.86,True,877.193,"a=0xAAAA,b=0x5555,cin=0",5,_1491_,frame_cnt[2],_1483_,18.67,0.99,33839023290,1e31757e50080b19fa7642b8b9cd6822f64b1d11,ghcr.io/librelane/librelane:3.0.5,c4b8b4e5e7a05f375cca3815d51b3a37721fbf5c
nom_fast_1p32V_m40C,1.32,-40,3,hold,0,0,0,0,0x0300,20.0,,,,,,,,,,,,(no runtime-sensitizable path),,_1491_,frame_cnt[2],_1483_,18.67,0.99,33839023290,1e31757e50080b19fa7642b8b9cd6822f64b1d11,ghcr.io/librelane/librelane:3.0.5,c4b8b4e5e7a05f375cca3815d51b3a37721fbf5c
nom_fast_1p32V_m40C,1.32,-40,0,prbs,1,1,1,1,0x0055,20.0,_1408_,u_pat.lfsr[12],_1488_,result_reg[16],16,5.88,6.1,19.89,13.79,True,161.031,"a=0x455D,b=0xBA8A,cin=1",12,_1409_,_0043_,_1488_,13.77,5.9,33839023290,1e31757e50080b19fa7642b8b9cd6822f64b1d11,ghcr.io/librelane/librelane:3.0.5,c4b8b4e5e7a05f375cca3815d51b3a37721fbf5c
nom_fast_1p32V_m40C,1.32,-40,1,worst,1,1,1,1,0x0155,20.0,_1412_,u_pat.idx[0],_1488_,result_reg[16],16,5.9399999999999995,6.17,19.89,13.72,True,159.236,"a=0xFFFF,b=0x0001,cin=0",17,_1412_,u_pat.idx[0],_1488_,13.72,5.9399999999999995,33839023290,1e31757e50080b19fa7642b8b9cd6822f64b1d11,ghcr.io/librelane/librelane:3.0.5,c4b8b4e5e7a05f375cca3815d51b3a37721fbf5c
nom_fast_1p32V_m40C,1.32,-40,2,alt,1,1,1,1,0x0255,20.0,_1412_,u_pat.idx[0],_1476_,result_reg[4],4,0.79,1.02,19.88,18.86,True,877.193,"a=0xAAAA,b=0x5555,cin=0",5,_1491_,frame_cnt[2],_1483_,18.67,0.99,33839023290,1e31757e50080b19fa7642b8b9cd6822f64b1d11,ghcr.io/librelane/librelane:3.0.5,c4b8b4e5e7a05f375cca3815d51b3a37721fbf5c
nom_fast_1p32V_m40C,1.32,-40,3,hold,1,1,1,1,0x0355,20.0,,,,,,,,,,,,(no runtime-sensitizable path),,_1491_,frame_cnt[2],_1483_,18.67,0.99,33839023290,1e31757e50080b19fa7642b8b9cd6822f64b1d11,ghcr.io/librelane/librelane:3.0.5,c4b8b4e5e7a05f375cca3815d51b3a37721fbf5c
nom_fast_1p32V_m40C,1.32,-40,0,prbs,2,2,2,2,0x00AA,20.0,_1408_,u_pat.lfsr[12],_1488_,result_reg[16],16,8.319999999999999,8.54,19.89,11.35,True,115.607,"a=0x455D,b=0xBA8A,cin=1",12,_1409_,_0043_,_1488_,11.33,8.34,33839023290,1e31757e50080b19fa7642b8b9cd6822f64b1d11,ghcr.io/librelane/librelane:3.0.5,c4b8b4e5e7a05f375cca3815d51b3a37721fbf5c
nom_fast_1p32V_m40C,1.32,-40,1,worst,2,2,2,2,0x01AA,20.0,_1412_,u_pat.idx[0],_1488_,result_reg[16],16,8.379999999999999,8.61,19.89,11.28,True,114.679,"a=0xFFFF,b=0x0001,cin=0",17,_1412_,u_pat.idx[0],_1488_,11.28,8.379999999999999,33839023290,1e31757e50080b19fa7642b8b9cd6822f64b1d11,ghcr.io/librelane/librelane:3.0.5,c4b8b4e5e7a05f375cca3815d51b3a37721fbf5c
nom_fast_1p32V_m40C,1.32,-40,2,alt,2,2,2,2,0x02AA,20.0,_1412_,u_pat.idx[0],_1476_,result_reg[4],4,0.79,1.02,19.88,18.86,True,877.193,"a=0xAAAA,b=0x5555,cin=0",5,_1491_,frame_cnt[2],_1483_,18.67,0.99,33839023290,1e31757e50080b19fa7642b8b9cd6822f64b1d11,ghcr.io/librelane/librelane:3.0.5,c4b8b4e5e7a05f375cca3815d51b3a37721fbf5c
nom_fast_1p32V_m40C,1.32,-40,3,hold,2,2,2,2,0x03AA,20.0,,,,,,,,,,,,(no runtime-sensitizable path),,_1491_,frame_cnt[2],_1483_,18.67,0.99,33839023290,1e31757e50080b19fa7642b8b9cd6822f64b1d11,ghcr.io/librelane/librelane:3.0.5,c4b8b4e5e7a05f375cca3815d51b3a37721fbf5c
nom_fast_1p32V_m40C,1.32,-40,0,prbs,3,3,3,3,0x00FF,20.0,_1408_,u_pat.lfsr[12],_1488_,result_reg[16],16,10.78,11.0,19.89,8.9,True,90.09,"a=0x455D,b=0xBA8A,cin=1",12,_1409_,_0043_,_1488_,8.88,10.799999999999999,33839023290,1e31757e50080b19fa7642b8b9cd6822f64b1d11,ghcr.io/librelane/librelane:3.0.5,c4b8b4e5e7a05f375cca3815d51b3a37721fbf5c
nom_fast_1p32V_m40C,1.32,-40,1,worst,3,3,3,3,0x01FF,20.0,_1412_,u_pat.idx[0],_1488_,result_reg[16],16,10.84,11.07,19.89,8.83,True,89.526,"a=0xFFFF,b=0x0001,cin=0",17,_1412_,u_pat.idx[0],_1488_,8.83,10.84,33839023290,1e31757e50080b19fa7642b8b9cd6822f64b1d11,ghcr.io/librelane/librelane:3.0.5,c4b8b4e5e7a05f375cca3815d51b3a37721fbf5c
nom_fast_1p32V_m40C,1.32,-40,2,alt,3,3,3,3,0x02FF,20.0,_1412_,u_pat.idx[0],_1476_,result_reg[4],4,0.79,1.02,19.88,18.86,True,877.193,"a=0xAAAA,b=0x5555,cin=0",5,_1491_,frame_cnt[2],_1483_,18.67,0.99,33839023290,1e31757e50080b19fa7642b8b9cd6822f64b1d11,ghcr.io/librelane/librelane:3.0.5,c4b8b4e5e7a05f375cca3815d51b3a37721fbf5c
nom_fast_1p32V_m40C,1.32,-40,3,hold,3,3,3,3,0x03FF,20.0,,,,,,,,,,,,(no runtime-sensitizable path),,_1491_,frame_cnt[2],_1483_,18.67,0.99,33839023290,1e31757e50080b19fa7642b8b9cd6822f64b1d11,ghcr.io/librelane/librelane:3.0.5,c4b8b4e5e7a05f375cca3815d51b3a37721fbf5c
nom_fast_1p32V_m40C,1.32,-40,0,prbs,3,0,0,0,0x0003,20.0,_1408_,u_pat.lfsr[12],_1488_,result_reg[16],16,5.2700000000000005,5.49,19.89,14.4,True,178.571,"a=0x455D,b=0xBA8A,cin=1",12,_1409_,_0043_,_1488_,14.38,5.29,33839023290,1e31757e50080b19fa7642b8b9cd6822f64b1d11,ghcr.io/librelane/librelane:3.0.5,c4b8b4e5e7a05f375cca3815d51b3a37721fbf5c
nom_fast_1p32V_m40C,1.32,-40,1,worst,3,0,0,0,0x0103,20.0,_1412_,u_pat.idx[0],_1488_,result_reg[16],16,5.329999999999999,5.56,19.89,14.33,True,176.367,"a=0xFFFF,b=0x0001,cin=0",17,_1412_,u_pat.idx[0],_1488_,14.33,5.329999999999999,33839023290,1e31757e50080b19fa7642b8b9cd6822f64b1d11,ghcr.io/librelane/librelane:3.0.5,c4b8b4e5e7a05f375cca3815d51b3a37721fbf5c
nom_fast_1p32V_m40C,1.32,-40,2,alt,3,0,0,0,0x0203,20.0,_1412_,u_pat.idx[0],_1476_,result_reg[4],4,0.79,1.02,19.88,18.86,True,877.193,"a=0xAAAA,b=0x5555,cin=0",5,_1491_,frame_cnt[2],_1483_,18.67,0.99,33839023290,1e31757e50080b19fa7642b8b9cd6822f64b1d11,ghcr.io/librelane/librelane:3.0.5,c4b8b4e5e7a05f375cca3815d51b3a37721fbf5c
nom_fast_1p32V_m40C,1.32,-40,3,hold,3,0,0,0,0x0303,20.0,,,,,,,,,,,,(no runtime-sensitizable path),,_1491_,frame_cnt[2],_1483_,18.67,0.99,33839023290,1e31757e50080b19fa7642b8b9cd6822f64b1d11,ghcr.io/librelane/librelane:3.0.5,c4b8b4e5e7a05f375cca3815d51b3a37721fbf5c
nom_fast_1p32V_m40C,1.32,-40,0,prbs,0,0,0,3,0x00C0,20.0,_1408_,u_pat.lfsr[12],_1488_,result_reg[16],16,5.25,5.47,19.89,14.42,True,179.211,"a=0x455D,b=0xBA8A,cin=1",12,_1409_,_0043_,_1488_,14.4,5.2700000000000005,33839023290,1e31757e50080b19fa7642b8b9cd6822f64b1d11,ghcr.io/librelane/librelane:3.0.5,c4b8b4e5e7a05f375cca3815d51b3a37721fbf5c
nom_fast_1p32V_m40C,1.32,-40,1,worst,0,0,0,3,0x01C0,20.0,_1412_,u_pat.idx[0],_1488_,result_reg[16],16,5.31,5.54,19.89,14.36,True,177.305,"a=0xFFFF,b=0x0001,cin=0",17,_1412_,u_pat.idx[0],_1488_,14.36,5.31,33839023290,1e31757e50080b19fa7642b8b9cd6822f64b1d11,ghcr.io/librelane/librelane:3.0.5,c4b8b4e5e7a05f375cca3815d51b3a37721fbf5c
nom_fast_1p32V_m40C,1.32,-40,2,alt,0,0,0,3,0x02C0,20.0,_1412_,u_pat.idx[0],_1476_,result_reg[4],4,0.79,1.02,19.88,18.86,True,877.193,"a=0xAAAA,b=0x5555,cin=0",5,_1491_,frame_cnt[2],_1483_,18.67,0.99,33839023290,1e31757e50080b19fa7642b8b9cd6822f64b1d11,ghcr.io/librelane/librelane:3.0.5,c4b8b4e5e7a05f375cca3815d51b3a37721fbf5c
nom_fast_1p32V_m40C,1.32,-40,3,hold,0,0,0,3,0x03C0,20.0,,,,,,,,,,,,(no runtime-sensitizable path),,_1491_,frame_cnt[2],_1483_,18.67,0.99,33839023290,1e31757e50080b19fa7642b8b9cd6822f64b1d11,ghcr.io/librelane/librelane:3.0.5,c4b8b4e5e7a05f375cca3815d51b3a37721fbf5c
nom_fast_1p32V_m40C,1.32,-40,0,prbs,2,1,3,0,0x0036,20.0,_1408_,u_pat.lfsr[12],_1488_,result_reg[16],16,7.13,7.35,19.89,12.54,True,134.048,"a=0x455D,b=0xBA8A,cin=1",12,_1409_,_0043_,_1488_,12.52,7.16,33839023290,1e31757e50080b19fa7642b8b9cd6822f64b1d11,ghcr.io/librelane/librelane:3.0.5,c4b8b4e5e7a05f375cca3815d51b3a37721fbf5c
nom_fast_1p32V_m40C,1.32,-40,1,worst,2,1,3,0,0x0136,20.0,_1412_,u_pat.idx[0],_1488_,result_reg[16],16,7.1899999999999995,7.42,19.89,12.47,True,132.802,"a=0xFFFF,b=0x0001,cin=0",17,_1412_,u_pat.idx[0],_1488_,12.47,7.1899999999999995,33839023290,1e31757e50080b19fa7642b8b9cd6822f64b1d11,ghcr.io/librelane/librelane:3.0.5,c4b8b4e5e7a05f375cca3815d51b3a37721fbf5c
nom_fast_1p32V_m40C,1.32,-40,2,alt,2,1,3,0,0x0236,20.0,_1412_,u_pat.idx[0],_1476_,result_reg[4],4,0.79,1.02,19.88,18.86,True,877.193,"a=0xAAAA,b=0x5555,cin=0",5,_1491_,frame_cnt[2],_1483_,18.67,0.99,33839023290,1e31757e50080b19fa7642b8b9cd6822f64b1d11,ghcr.io/librelane/librelane:3.0.5,c4b8b4e5e7a05f375cca3815d51b3a37721fbf5c
nom_fast_1p32V_m40C,1.32,-40,3,hold,2,1,3,0,0x0336,20.0,,,,,,,,,,,,(no runtime-sensitizable path),,_1491_,frame_cnt[2],_1483_,18.67,0.99,33839023290,1e31757e50080b19fa7642b8b9cd6822f64b1d11,ghcr.io/librelane/librelane:3.0.5,c4b8b4e5e7a05f375cca3815d51b3a37721fbf5c
nom_fast_1p32V_m40C,1.32,-40,0,prbs,1,2,0,3,0x00C9,20.0,_1408_,u_pat.lfsr[12],_1488_,result_reg[16],16,7.1000000000000005,7.32,19.89,12.57,True,134.59,"a=0x455D,b=0xBA8A,cin=1",12,_1409_,_0043_,_1488_,12.55,7.12,33839023290,1e31757e50080b19fa7642b8b9cd6822f64b1d11,ghcr.io/librelane/librelane:3.0.5,c4b8b4e5e7a05f375cca3815d51b3a37721fbf5c
nom_fast_1p32V_m40C,1.32,-40,1,worst,1,2,0,3,0x01C9,20.0,_1412_,u_pat.idx[0],_1488_,result_reg[16],16,7.159999999999999,7.39,19.89,12.51,True,133.511,"a=0xFFFF,b=0x0001,cin=0",17,_1412_,u_pat.idx[0],_1488_,12.51,7.159999999999999,33839023290,1e31757e50080b19fa7642b8b9cd6822f64b1d11,ghcr.io/librelane/librelane:3.0.5,c4b8b4e5e7a05f375cca3815d51b3a37721fbf5c
nom_fast_1p32V_m40C,1.32,-40,2,alt,1,2,0,3,0x02C9,20.0,_1412_,u_pat.idx[0],_1476_,result_reg[4],4,0.79,1.02,19.88,18.86,True,877.193,"a=0xAAAA,b=0x5555,cin=0",5,_1491_,frame_cnt[2],_1483_,18.67,0.99,33839023290,1e31757e50080b19fa7642b8b9cd6822f64b1d11,ghcr.io/librelane/librelane:3.0.5,c4b8b4e5e7a05f375cca3815d51b3a37721fbf5c
nom_fast_1p32V_m40C,1.32,-40,3,hold,1,2,0,3,0x03C9,20.0,,,,,,,,,,,,(no runtime-sensitizable path),,_1491_,frame_cnt[2],_1483_,18.67,0.99,33839023290,1e31757e50080b19fa7642b8b9cd6822f64b1d11,ghcr.io/librelane/librelane:3.0.5,c4b8b4e5e7a05f375cca3815d51b3a37721fbf5c
nom_typ_1p20V_25C,1.2,25,0,prbs,0,0,0,0,0x0000,20.0,_1408_,u_pat.lfsr[12],_1488_,result_reg[16],16,5.2299999999999995,5.55,19.94,14.39,True,178.253,"a=0x455D,b=0xBA8A,cin=1",12,_1409_,_0043_,_1488_,14.34,5.279999999999999,33839023290,1e31757e50080b19fa7642b8b9cd6822f64b1d11,ghcr.io/librelane/librelane:3.0.5,c4b8b4e5e7a05f375cca3815d51b3a37721fbf5c
nom_typ_1p20V_25C,1.2,25,1,worst,0,0,0,0,0x0100,20.0,_1412_,u_pat.idx[0],_1488_,result_reg[16],16,5.319999999999999,5.64,19.94,14.29,True,175.131,"a=0xFFFF,b=0x0001,cin=0",17,_1412_,u_pat.idx[0],_1488_,14.29,5.319999999999999,33839023290,1e31757e50080b19fa7642b8b9cd6822f64b1d11,ghcr.io/librelane/librelane:3.0.5,c4b8b4e5e7a05f375cca3815d51b3a37721fbf5c
nom_typ_1p20V_25C,1.2,25,2,alt,0,0,0,0,0x0200,20.0,_1412_,u_pat.idx[0],_1476_,result_reg[4],4,1.21,1.53,19.93,18.4,True,625.0,"a=0xAAAA,b=0x5555,cin=0",5,_1491_,frame_cnt[2],_1483_,18.09,1.53,33839023290,1e31757e50080b19fa7642b8b9cd6822f64b1d11,ghcr.io/librelane/librelane:3.0.5,c4b8b4e5e7a05f375cca3815d51b3a37721fbf5c
nom_typ_1p20V_25C,1.2,25,3,hold,0,0,0,0,0x0300,20.0,,,,,,,,,,,,(no runtime-sensitizable path),,_1491_,frame_cnt[2],_1483_,18.09,1.53,33839023290,1e31757e50080b19fa7642b8b9cd6822f64b1d11,ghcr.io/librelane/librelane:3.0.5,c4b8b4e5e7a05f375cca3815d51b3a37721fbf5c
nom_typ_1p20V_25C,1.2,25,0,prbs,1,1,1,1,0x0055,20.0,_1408_,u_pat.lfsr[12],_1488_,result_reg[16],16,8.75,9.07,19.94,10.87,True,109.529,"a=0x455D,b=0xBA8A,cin=1",12,_1409_,_0043_,_1488_,10.82,8.799999999999999,33839023290,1e31757e50080b19fa7642b8b9cd6822f64b1d11,ghcr.io/librelane/librelane:3.0.5,c4b8b4e5e7a05f375cca3815d51b3a37721fbf5c
nom_typ_1p20V_25C,1.2,25,1,worst,1,1,1,1,0x0155,20.0,_1412_,u_pat.idx[0],_1488_,result_reg[16],16,8.84,9.16,19.94,10.77,True,108.342,"a=0xFFFF,b=0x0001,cin=0",17,_1412_,u_pat.idx[0],_1488_,10.77,8.84,33839023290,1e31757e50080b19fa7642b8b9cd6822f64b1d11,ghcr.io/librelane/librelane:3.0.5,c4b8b4e5e7a05f375cca3815d51b3a37721fbf5c
nom_typ_1p20V_25C,1.2,25,2,alt,1,1,1,1,0x0255,20.0,_1412_,u_pat.idx[0],_1476_,result_reg[4],4,1.21,1.53,19.93,18.4,True,625.0,"a=0xAAAA,b=0x5555,cin=0",5,_1491_,frame_cnt[2],_1483_,18.09,1.53,33839023290,1e31757e50080b19fa7642b8b9cd6822f64b1d11,ghcr.io/librelane/librelane:3.0.5,c4b8b4e5e7a05f375cca3815d51b3a37721fbf5c
nom_typ_1p20V_25C,1.2,25,3,hold,1,1,1,1,0x0355,20.0,,,,,,,,,,,,(no runtime-sensitizable path),,_1491_,frame_cnt[2],_1483_,18.09,1.53,33839023290,1e31757e50080b19fa7642b8b9cd6822f64b1d11,ghcr.io/librelane/librelane:3.0.5,c4b8b4e5e7a05f375cca3815d51b3a37721fbf5c
nom_typ_1p20V_25C,1.2,25,0,prbs,2,2,2,2,0x00AA,20.0,_1408_,u_pat.lfsr[12],_1488_,result_reg[16],16,12.25,12.57,19.94,7.37,True,79.177,"a=0x455D,b=0xBA8A,cin=1",12,_1409_,_0043_,_1488_,7.32,12.299999999999999,33839023290,1e31757e50080b19fa7642b8b9cd6822f64b1d11,ghcr.io/librelane/librelane:3.0.5,c4b8b4e5e7a05f375cca3815d51b3a37721fbf5c
nom_typ_1p20V_25C,1.2,25,1,worst,2,2,2,2,0x01AA,20.0,_1412_,u_pat.idx[0],_1488_,result_reg[16],16,12.35,12.67,19.94,7.27,True,78.555,"a=0xFFFF,b=0x0001,cin=0",17,_1412_,u_pat.idx[0],_1488_,7.27,12.35,33839023290,1e31757e50080b19fa7642b8b9cd6822f64b1d11,ghcr.io/librelane/librelane:3.0.5,c4b8b4e5e7a05f375cca3815d51b3a37721fbf5c
nom_typ_1p20V_25C,1.2,25,2,alt,2,2,2,2,0x02AA,20.0,_1412_,u_pat.idx[0],_1476_,result_reg[4],4,1.21,1.53,19.93,18.4,True,625.0,"a=0xAAAA,b=0x5555,cin=0",5,_1491_,frame_cnt[2],_1483_,18.09,1.53,33839023290,1e31757e50080b19fa7642b8b9cd6822f64b1d11,ghcr.io/librelane/librelane:3.0.5,c4b8b4e5e7a05f375cca3815d51b3a37721fbf5c
nom_typ_1p20V_25C,1.2,25,3,hold,2,2,2,2,0x03AA,20.0,,,,,,,,,,,,(no runtime-sensitizable path),,_1491_,frame_cnt[2],_1483_,18.09,1.53,33839023290,1e31757e50080b19fa7642b8b9cd6822f64b1d11,ghcr.io/librelane/librelane:3.0.5,c4b8b4e5e7a05f375cca3815d51b3a37721fbf5c
nom_typ_1p20V_25C,1.2,25,0,prbs,3,3,3,3,0x00FF,20.0,_1408_,u_pat.lfsr[12],_1488_,result_reg[16],16,15.79,16.11,19.94,3.83,True,61.843,"a=0x455D,b=0xBA8A,cin=1",12,_1409_,_0043_,_1488_,3.78,15.84,33839023290,1e31757e50080b19fa7642b8b9cd6822f64b1d11,ghcr.io/librelane/librelane:3.0.5,c4b8b4e5e7a05f375cca3815d51b3a37721fbf5c
nom_typ_1p20V_25C,1.2,25,1,worst,3,3,3,3,0x01FF,20.0,_1412_,u_pat.idx[0],_1488_,result_reg[16],16,15.879999999999999,16.2,19.94,3.73,True,61.463,"a=0xFFFF,b=0x0001,cin=0",17,_1412_,u_pat.idx[0],_1488_,3.73,15.879999999999999,33839023290,1e31757e50080b19fa7642b8b9cd6822f64b1d11,ghcr.io/librelane/librelane:3.0.5,c4b8b4e5e7a05f375cca3815d51b3a37721fbf5c
nom_typ_1p20V_25C,1.2,25,2,alt,3,3,3,3,0x02FF,20.0,_1412_,u_pat.idx[0],_1476_,result_reg[4],4,1.21,1.53,19.93,18.4,True,625.0,"a=0xAAAA,b=0x5555,cin=0",5,_1491_,frame_cnt[2],_1483_,18.09,1.53,33839023290,1e31757e50080b19fa7642b8b9cd6822f64b1d11,ghcr.io/librelane/librelane:3.0.5,c4b8b4e5e7a05f375cca3815d51b3a37721fbf5c
nom_typ_1p20V_25C,1.2,25,3,hold,3,3,3,3,0x03FF,20.0,,,,,,,,,,,,(no runtime-sensitizable path),,_1491_,frame_cnt[2],_1483_,18.09,1.53,33839023290,1e31757e50080b19fa7642b8b9cd6822f64b1d11,ghcr.io/librelane/librelane:3.0.5,c4b8b4e5e7a05f375cca3815d51b3a37721fbf5c
nom_typ_1p20V_25C,1.2,25,0,prbs,3,0,0,0,0x0003,20.0,_1408_,u_pat.lfsr[12],_1488_,result_reg[16],16,7.869999999999999,8.19,19.94,11.75,True,121.212,"a=0x455D,b=0xBA8A,cin=1",12,_1409_,_0043_,_1488_,11.7,7.92,33839023290,1e31757e50080b19fa7642b8b9cd6822f64b1d11,ghcr.io/librelane/librelane:3.0.5,c4b8b4e5e7a05f375cca3815d51b3a37721fbf5c
nom_typ_1p20V_25C,1.2,25,1,worst,3,0,0,0,0x0103,20.0,_1412_,u_pat.idx[0],_1488_,result_reg[16],16,7.969999999999999,8.29,19.94,11.65,True,119.76,"a=0xFFFF,b=0x0001,cin=0",17,_1412_,u_pat.idx[0],_1488_,11.65,7.969999999999999,33839023290,1e31757e50080b19fa7642b8b9cd6822f64b1d11,ghcr.io/librelane/librelane:3.0.5,c4b8b4e5e7a05f375cca3815d51b3a37721fbf5c
nom_typ_1p20V_25C,1.2,25,2,alt,3,0,0,0,0x0203,20.0,_1412_,u_pat.idx[0],_1476_,result_reg[4],4,1.21,1.53,19.93,18.4,True,625.0,"a=0xAAAA,b=0x5555,cin=0",5,_1491_,frame_cnt[2],_1483_,18.09,1.53,33839023290,1e31757e50080b19fa7642b8b9cd6822f64b1d11,ghcr.io/librelane/librelane:3.0.5,c4b8b4e5e7a05f375cca3815d51b3a37721fbf5c
nom_typ_1p20V_25C,1.2,25,3,hold,3,0,0,0,0x0303,20.0,,,,,,,,,,,,(no runtime-sensitizable path),,_1491_,frame_cnt[2],_1483_,18.09,1.53,33839023290,1e31757e50080b19fa7642b8b9cd6822f64b1d11,ghcr.io/librelane/librelane:3.0.5,c4b8b4e5e7a05f375cca3815d51b3a37721fbf5c
nom_typ_1p20V_25C,1.2,25,0,prbs,0,0,0,3,0x00C0,20.0,_1408_,u_pat.lfsr[12],_1488_,result_reg[16],16,7.83,8.15,19.94,11.79,True,121.803,"a=0x455D,b=0xBA8A,cin=1",12,_1409_,_0043_,_1488_,11.74,7.879999999999999,33839023290,1e31757e50080b19fa7642b8b9cd6822f64b1d11,ghcr.io/librelane/librelane:3.0.5,c4b8b4e5e7a05f375cca3815d51b3a37721fbf5c
nom_typ_1p20V_25C,1.2,25,1,worst,0,0,0,3,0x01C0,20.0,_1412_,u_pat.idx[0],_1488_,result_reg[16],16,7.92,8.24,19.94,11.69,True,120.337,"a=0xFFFF,b=0x0001,cin=0",17,_1412_,u_pat.idx[0],_1488_,11.69,7.92,33839023290,1e31757e50080b19fa7642b8b9cd6822f64b1d11,ghcr.io/librelane/librelane:3.0.5,c4b8b4e5e7a05f375cca3815d51b3a37721fbf5c
nom_typ_1p20V_25C,1.2,25,2,alt,0,0,0,3,0x02C0,20.0,_1412_,u_pat.idx[0],_1476_,result_reg[4],4,1.21,1.53,19.93,18.4,True,625.0,"a=0xAAAA,b=0x5555,cin=0",5,_1491_,frame_cnt[2],_1483_,18.09,1.53,33839023290,1e31757e50080b19fa7642b8b9cd6822f64b1d11,ghcr.io/librelane/librelane:3.0.5,c4b8b4e5e7a05f375cca3815d51b3a37721fbf5c
nom_typ_1p20V_25C,1.2,25,3,hold,0,0,0,3,0x03C0,20.0,,,,,,,,,,,,(no runtime-sensitizable path),,_1491_,frame_cnt[2],_1483_,18.09,1.53,33839023290,1e31757e50080b19fa7642b8b9cd6822f64b1d11,ghcr.io/librelane/librelane:3.0.5,c4b8b4e5e7a05f375cca3815d51b3a37721fbf5c
nom_typ_1p20V_25C,1.2,25,0,prbs,2,1,3,0,0x0036,20.0,_1408_,u_pat.lfsr[12],_1488_,result_reg[16],16,10.56,10.88,19.94,9.06,True,91.408,"a=0x455D,b=0xBA8A,cin=1",12,_1409_,_0043_,_1488_,9.01,10.61,33839023290,1e31757e50080b19fa7642b8b9cd6822f64b1d11,ghcr.io/librelane/librelane:3.0.5,c4b8b4e5e7a05f375cca3815d51b3a37721fbf5c
nom_typ_1p20V_25C,1.2,25,1,worst,2,1,3,0,0x0136,20.0,_1412_,u_pat.idx[0],_1488_,result_reg[16],16,10.65,10.97,19.94,8.96,True,90.58,"a=0xFFFF,b=0x0001,cin=0",17,_1412_,u_pat.idx[0],_1488_,8.96,10.65,33839023290,1e31757e50080b19fa7642b8b9cd6822f64b1d11,ghcr.io/librelane/librelane:3.0.5,c4b8b4e5e7a05f375cca3815d51b3a37721fbf5c
nom_typ_1p20V_25C,1.2,25,2,alt,2,1,3,0,0x0236,20.0,_1412_,u_pat.idx[0],_1476_,result_reg[4],4,1.21,1.53,19.93,18.4,True,625.0,"a=0xAAAA,b=0x5555,cin=0",5,_1491_,frame_cnt[2],_1483_,18.09,1.53,33839023290,1e31757e50080b19fa7642b8b9cd6822f64b1d11,ghcr.io/librelane/librelane:3.0.5,c4b8b4e5e7a05f375cca3815d51b3a37721fbf5c
nom_typ_1p20V_25C,1.2,25,3,hold,2,1,3,0,0x0336,20.0,,,,,,,,,,,,(no runtime-sensitizable path),,_1491_,frame_cnt[2],_1483_,18.09,1.53,33839023290,1e31757e50080b19fa7642b8b9cd6822f64b1d11,ghcr.io/librelane/librelane:3.0.5,c4b8b4e5e7a05f375cca3815d51b3a37721fbf5c
nom_typ_1p20V_25C,1.2,25,0,prbs,1,2,0,3,0x00C9,20.0,_1408_,u_pat.lfsr[12],_1488_,result_reg[16],16,10.49,10.81,19.94,9.12,True,91.912,"a=0x455D,b=0xBA8A,cin=1",12,_1409_,_0043_,_1488_,9.07,10.54,33839023290,1e31757e50080b19fa7642b8b9cd6822f64b1d11,ghcr.io/librelane/librelane:3.0.5,c4b8b4e5e7a05f375cca3815d51b3a37721fbf5c
nom_typ_1p20V_25C,1.2,25,1,worst,1,2,0,3,0x01C9,20.0,_1412_,u_pat.idx[0],_1488_,result_reg[16],16,10.59,10.91,19.94,9.03,True,91.158,"a=0xFFFF,b=0x0001,cin=0",17,_1412_,u_pat.idx[0],_1488_,9.03,10.59,33839023290,1e31757e50080b19fa7642b8b9cd6822f64b1d11,ghcr.io/librelane/librelane:3.0.5,c4b8b4e5e7a05f375cca3815d51b3a37721fbf5c
nom_typ_1p20V_25C,1.2,25,2,alt,1,2,0,3,0x02C9,20.0,_1412_,u_pat.idx[0],_1476_,result_reg[4],4,1.21,1.53,19.93,18.4,True,625.0,"a=0xAAAA,b=0x5555,cin=0",5,_1491_,frame_cnt[2],_1483_,18.09,1.53,33839023290,1e31757e50080b19fa7642b8b9cd6822f64b1d11,ghcr.io/librelane/librelane:3.0.5,c4b8b4e5e7a05f375cca3815d51b3a37721fbf5c
nom_typ_1p20V_25C,1.2,25,3,hold,1,2,0,3,0x03C9,20.0,,,,,,,,,,,,(no runtime-sensitizable path),,_1491_,frame_cnt[2],_1483_,18.09,1.53,33839023290,1e31757e50080b19fa7642b8b9cd6822f64b1d11,ghcr.io/librelane/librelane:3.0.5,c4b8b4e5e7a05f375cca3815d51b3a37721fbf5c
nom_slow_1p08V_125C,1.08,125,0,prbs,0,0,0,0,0x0000,20.0,_1408_,u_pat.lfsr[12],_1488_,result_reg[16],16,8.309999999999999,8.79,20.03,11.24,True,114.155,"a=0x455D,b=0xBA8A,cin=1",12,_1409_,_0043_,_1488_,11.16,8.389999999999999,33839023290,1e31757e50080b19fa7642b8b9cd6822f64b1d11,ghcr.io/librelane/librelane:3.0.5,c4b8b4e5e7a05f375cca3815d51b3a37721fbf5c
nom_slow_1p08V_125C,1.08,125,1,worst,0,0,0,0,0x0100,20.0,_1412_,u_pat.idx[0],_1488_,result_reg[16],16,8.48,8.96,20.03,11.07,True,111.982,"a=0xFFFF,b=0x0001,cin=0",17,_1412_,u_pat.idx[0],_1488_,11.07,8.48,33839023290,1e31757e50080b19fa7642b8b9cd6822f64b1d11,ghcr.io/librelane/librelane:3.0.5,c4b8b4e5e7a05f375cca3815d51b3a37721fbf5c
nom_slow_1p08V_125C,1.08,125,2,alt,0,0,0,0,0x0200,20.0,_1412_,u_pat.idx[0],_1476_,result_reg[4],4,1.92,2.4,20.0,17.59,True,414.938,"a=0xAAAA,b=0x5555,cin=0",5,_1491_,frame_cnt[2],_1483_,17.11,2.41,33839023290,1e31757e50080b19fa7642b8b9cd6822f64b1d11,ghcr.io/librelane/librelane:3.0.5,c4b8b4e5e7a05f375cca3815d51b3a37721fbf5c
nom_slow_1p08V_125C,1.08,125,3,hold,0,0,0,0,0x0300,20.0,,,,,,,,,,,,(no runtime-sensitizable path),,_1491_,frame_cnt[2],_1483_,17.11,2.41,33839023290,1e31757e50080b19fa7642b8b9cd6822f64b1d11,ghcr.io/librelane/librelane:3.0.5,c4b8b4e5e7a05f375cca3815d51b3a37721fbf5c
nom_slow_1p08V_125C,1.08,125,0,prbs,1,1,1,1,0x0055,20.0,_1408_,u_pat.lfsr[12],_1488_,result_reg[16],16,13.82,14.3,20.03,5.73,True,70.077,"a=0x455D,b=0xBA8A,cin=1",12,_1409_,_0043_,_1488_,5.66,13.889999999999999,33839023290,1e31757e50080b19fa7642b8b9cd6822f64b1d11,ghcr.io/librelane/librelane:3.0.5,c4b8b4e5e7a05f375cca3815d51b3a37721fbf5c
nom_slow_1p08V_125C,1.08,125,1,worst,1,1,1,1,0x0155,20.0,_1412_,u_pat.idx[0],_1488_,result_reg[16],16,13.98,14.46,20.03,5.56,True,69.252,"a=0xFFFF,b=0x0001,cin=0",17,_1412_,u_pat.idx[0],_1488_,5.56,13.98,33839023290,1e31757e50080b19fa7642b8b9cd6822f64b1d11,ghcr.io/librelane/librelane:3.0.5,c4b8b4e5e7a05f375cca3815d51b3a37721fbf5c
nom_slow_1p08V_125C,1.08,125,2,alt,1,1,1,1,0x0255,20.0,_1412_,u_pat.idx[0],_1476_,result_reg[4],4,1.92,2.4,20.0,17.59,True,414.938,"a=0xAAAA,b=0x5555,cin=0",5,_1491_,frame_cnt[2],_1483_,17.11,2.41,33839023290,1e31757e50080b19fa7642b8b9cd6822f64b1d11,ghcr.io/librelane/librelane:3.0.5,c4b8b4e5e7a05f375cca3815d51b3a37721fbf5c
nom_slow_1p08V_125C,1.08,125,3,hold,1,1,1,1,0x0355,20.0,,,,,,,,,,,,(no runtime-sensitizable path),,_1491_,frame_cnt[2],_1483_,17.11,2.41,33839023290,1e31757e50080b19fa7642b8b9cd6822f64b1d11,ghcr.io/librelane/librelane:3.0.5,c4b8b4e5e7a05f375cca3815d51b3a37721fbf5c
nom_slow_1p08V_125C,1.08,125,0,prbs,2,2,2,2,0x00AA,20.0,_1408_,u_pat.lfsr[12],_1488_,result_reg[16],16,19.28,19.76,20.03,0.27,True,50.684,"a=0x455D,b=0xBA8A,cin=1",12,_1409_,_0043_,_1488_,0.19,19.349999999999998,33839023290,1e31757e50080b19fa7642b8b9cd6822f64b1d11,ghcr.io/librelane/librelane:3.0.5,c4b8b4e5e7a05f375cca3815d51b3a37721fbf5c
nom_slow_1p08V_125C,1.08,125,1,worst,2,2,2,2,0x01AA,20.0,_1412_,u_pat.idx[0],_1488_,result_reg[16],16,19.44,19.92,20.03,0.1,True,50.251,"a=0xFFFF,b=0x0001,cin=0",17,_1412_,u_pat.idx[0],_1488_,0.1,19.44,33839023290,1e31757e50080b19fa7642b8b9cd6822f64b1d11,ghcr.io/librelane/librelane:3.0.5,c4b8b4e5e7a05f375cca3815d51b3a37721fbf5c
nom_slow_1p08V_125C,1.08,125,2,alt,2,2,2,2,0x02AA,20.0,_1412_,u_pat.idx[0],_1476_,result_reg[4],4,1.92,2.4,20.0,17.59,True,414.938,"a=0xAAAA,b=0x5555,cin=0",5,_1491_,frame_cnt[2],_1483_,17.11,2.41,33839023290,1e31757e50080b19fa7642b8b9cd6822f64b1d11,ghcr.io/librelane/librelane:3.0.5,c4b8b4e5e7a05f375cca3815d51b3a37721fbf5c
nom_slow_1p08V_125C,1.08,125,3,hold,2,2,2,2,0x03AA,20.0,,,,,,,,,,,,(no runtime-sensitizable path),,_1491_,frame_cnt[2],_1483_,17.11,2.41,33839023290,1e31757e50080b19fa7642b8b9cd6822f64b1d11,ghcr.io/librelane/librelane:3.0.5,c4b8b4e5e7a05f375cca3815d51b3a37721fbf5c
nom_slow_1p08V_125C,1.08,125,0,prbs,3,3,3,3,0x00FF,20.0,_1408_,u_pat.lfsr[12],_1488_,result_reg[16],16,24.79,25.27,20.03,-5.25,False,39.604,"a=0x455D,b=0xBA8A,cin=1",12,_1409_,_0043_,_1488_,-5.32,24.87,33839023290,1e31757e50080b19fa7642b8b9cd6822f64b1d11,ghcr.io/librelane/librelane:3.0.5,c4b8b4e5e7a05f375cca3815d51b3a37721fbf5c
nom_slow_1p08V_125C,1.08,125,1,worst,3,3,3,3,0x01FF,20.0,_1412_,u_pat.idx[0],_1488_,result_reg[16],16,24.96,25.44,20.03,-5.42,False,39.339,"a=0xFFFF,b=0x0001,cin=0",17,_1412_,u_pat.idx[0],_1488_,-5.42,24.96,33839023290,1e31757e50080b19fa7642b8b9cd6822f64b1d11,ghcr.io/librelane/librelane:3.0.5,c4b8b4e5e7a05f375cca3815d51b3a37721fbf5c
nom_slow_1p08V_125C,1.08,125,2,alt,3,3,3,3,0x02FF,20.0,_1412_,u_pat.idx[0],_1476_,result_reg[4],4,1.92,2.4,20.0,17.59,True,414.938,"a=0xAAAA,b=0x5555,cin=0",5,_1491_,frame_cnt[2],_1483_,17.11,2.41,33839023290,1e31757e50080b19fa7642b8b9cd6822f64b1d11,ghcr.io/librelane/librelane:3.0.5,c4b8b4e5e7a05f375cca3815d51b3a37721fbf5c
nom_slow_1p08V_125C,1.08,125,3,hold,3,3,3,3,0x03FF,20.0,,,,,,,,,,,,(no runtime-sensitizable path),,_1491_,frame_cnt[2],_1483_,17.11,2.41,33839023290,1e31757e50080b19fa7642b8b9cd6822f64b1d11,ghcr.io/librelane/librelane:3.0.5,c4b8b4e5e7a05f375cca3815d51b3a37721fbf5c
nom_slow_1p08V_125C,1.08,125,0,prbs,3,0,0,0,0x0003,20.0,_1408_,u_pat.lfsr[12],_1488_,result_reg[16],16,12.44,12.92,20.03,7.1,True,77.519,"a=0x455D,b=0xBA8A,cin=1",12,_1409_,_0043_,_1488_,7.03,12.52,33839023290,1e31757e50080b19fa7642b8b9cd6822f64b1d11,ghcr.io/librelane/librelane:3.0.5,c4b8b4e5e7a05f375cca3815d51b3a37721fbf5c
nom_slow_1p08V_125C,1.08,125,1,worst,3,0,0,0,0x0103,20.0,_1412_,u_pat.idx[0],_1488_,result_reg[16],16,12.61,13.09,20.03,6.94,True,76.57,"a=0xFFFF,b=0x0001,cin=0",17,_1412_,u_pat.idx[0],_1488_,6.94,12.61,33839023290,1e31757e50080b19fa7642b8b9cd6822f64b1d11,ghcr.io/librelane/librelane:3.0.5,c4b8b4e5e7a05f375cca3815d51b3a37721fbf5c
nom_slow_1p08V_125C,1.08,125,2,alt,3,0,0,0,0x0203,20.0,_1412_,u_pat.idx[0],_1476_,result_reg[4],4,1.92,2.4,20.0,17.59,True,414.938,"a=0xAAAA,b=0x5555,cin=0",5,_1491_,frame_cnt[2],_1483_,17.11,2.41,33839023290,1e31757e50080b19fa7642b8b9cd6822f64b1d11,ghcr.io/librelane/librelane:3.0.5,c4b8b4e5e7a05f375cca3815d51b3a37721fbf5c
nom_slow_1p08V_125C,1.08,125,3,hold,3,0,0,0,0x0303,20.0,,,,,,,,,,,,(no runtime-sensitizable path),,_1491_,frame_cnt[2],_1483_,17.11,2.41,33839023290,1e31757e50080b19fa7642b8b9cd6822f64b1d11,ghcr.io/librelane/librelane:3.0.5,c4b8b4e5e7a05f375cca3815d51b3a37721fbf5c
nom_slow_1p08V_125C,1.08,125,0,prbs,0,0,0,3,0x00C0,20.0,_1408_,u_pat.lfsr[12],_1488_,result_reg[16],16,12.36,12.84,20.03,7.19,True,78.064,"a=0x455D,b=0xBA8A,cin=1",12,_1409_,_0043_,_1488_,7.11,12.43,33839023290,1e31757e50080b19fa7642b8b9cd6822f64b1d11,ghcr.io/librelane/librelane:3.0.5,c4b8b4e5e7a05f375cca3815d51b3a37721fbf5c
nom_slow_1p08V_125C,1.08,125,1,worst,0,0,0,3,0x01C0,20.0,_1412_,u_pat.idx[0],_1488_,result_reg[16],16,12.52,13.0,20.03,7.02,True,77.042,"a=0xFFFF,b=0x0001,cin=0",17,_1412_,u_pat.idx[0],_1488_,7.02,12.52,33839023290,1e31757e50080b19fa7642b8b9cd6822f64b1d11,ghcr.io/librelane/librelane:3.0.5,c4b8b4e5e7a05f375cca3815d51b3a37721fbf5c
nom_slow_1p08V_125C,1.08,125,2,alt,0,0,0,3,0x02C0,20.0,_1412_,u_pat.idx[0],_1476_,result_reg[4],4,1.92,2.4,20.0,17.59,True,414.938,"a=0xAAAA,b=0x5555,cin=0",5,_1491_,frame_cnt[2],_1483_,17.11,2.41,33839023290,1e31757e50080b19fa7642b8b9cd6822f64b1d11,ghcr.io/librelane/librelane:3.0.5,c4b8b4e5e7a05f375cca3815d51b3a37721fbf5c
nom_slow_1p08V_125C,1.08,125,3,hold,0,0,0,3,0x03C0,20.0,,,,,,,,,,,,(no runtime-sensitizable path),,_1491_,frame_cnt[2],_1483_,17.11,2.41,33839023290,1e31757e50080b19fa7642b8b9cd6822f64b1d11,ghcr.io/librelane/librelane:3.0.5,c4b8b4e5e7a05f375cca3815d51b3a37721fbf5c
nom_slow_1p08V_125C,1.08,125,0,prbs,2,1,3,0,0x0036,20.0,_1408_,u_pat.lfsr[12],_1488_,result_reg[16],16,16.65,17.13,20.03,2.9,True,58.48,"a=0x455D,b=0xBA8A,cin=1",12,_1409_,_0043_,_1488_,2.82,16.72,33839023290,1e31757e50080b19fa7642b8b9cd6822f64b1d11,ghcr.io/librelane/librelane:3.0.5,c4b8b4e5e7a05f375cca3815d51b3a37721fbf5c
nom_slow_1p08V_125C,1.08,125,1,worst,2,1,3,0,0x0136,20.0,_1412_,u_pat.idx[0],_1488_,result_reg[16],16,16.81,17.29,20.03,2.73,True,57.904,"a=0xFFFF,b=0x0001,cin=0",17,_1412_,u_pat.idx[0],_1488_,2.73,16.81,33839023290,1e31757e50080b19fa7642b8b9cd6822f64b1d11,ghcr.io/librelane/librelane:3.0.5,c4b8b4e5e7a05f375cca3815d51b3a37721fbf5c
nom_slow_1p08V_125C,1.08,125,2,alt,2,1,3,0,0x0236,20.0,_1412_,u_pat.idx[0],_1476_,result_reg[4],4,1.92,2.4,20.0,17.59,True,414.938,"a=0xAAAA,b=0x5555,cin=0",5,_1491_,frame_cnt[2],_1483_,17.11,2.41,33839023290,1e31757e50080b19fa7642b8b9cd6822f64b1d11,ghcr.io/librelane/librelane:3.0.5,c4b8b4e5e7a05f375cca3815d51b3a37721fbf5c
nom_slow_1p08V_125C,1.08,125,3,hold,2,1,3,0,0x0336,20.0,,,,,,,,,,,,(no runtime-sensitizable path),,_1491_,frame_cnt[2],_1483_,17.11,2.41,33839023290,1e31757e50080b19fa7642b8b9cd6822f64b1d11,ghcr.io/librelane/librelane:3.0.5,c4b8b4e5e7a05f375cca3815d51b3a37721fbf5c
nom_slow_1p08V_125C,1.08,125,0,prbs,1,2,0,3,0x00C9,20.0,_1408_,u_pat.lfsr[12],_1488_,result_reg[16],16,16.53,17.01,20.03,3.02,True,58.893,"a=0x455D,b=0xBA8A,cin=1",12,_1409_,_0043_,_1488_,2.94,16.61,33839023290,1e31757e50080b19fa7642b8b9cd6822f64b1d11,ghcr.io/librelane/librelane:3.0.5,c4b8b4e5e7a05f375cca3815d51b3a37721fbf5c
nom_slow_1p08V_125C,1.08,125,1,worst,1,2,0,3,0x01C9,20.0,_1412_,u_pat.idx[0],_1488_,result_reg[16],16,16.7,17.18,20.03,2.85,True,58.309,"a=0xFFFF,b=0x0001,cin=0",17,_1412_,u_pat.idx[0],_1488_,2.85,16.7,33839023290,1e31757e50080b19fa7642b8b9cd6822f64b1d11,ghcr.io/librelane/librelane:3.0.5,c4b8b4e5e7a05f375cca3815d51b3a37721fbf5c
nom_slow_1p08V_125C,1.08,125,2,alt,1,2,0,3,0x02C9,20.0,_1412_,u_pat.idx[0],_1476_,result_reg[4],4,1.92,2.4,20.0,17.59,True,414.938,"a=0xAAAA,b=0x5555,cin=0",5,_1491_,frame_cnt[2],_1483_,17.11,2.41,33839023290,1e31757e50080b19fa7642b8b9cd6822f64b1d11,ghcr.io/librelane/librelane:3.0.5,c4b8b4e5e7a05f375cca3815d51b3a37721fbf5c
nom_slow_1p08V_125C,1.08,125,3,hold,1,2,0,3,0x03C9,20.0,,,,,,,,,,,,(no runtime-sensitizable path),,_1491_,frame_cnt[2],_1483_,17.11,2.41,33839023290,1e31757e50080b19fa7642b8b9cd6822f64b1d11,ghcr.io/librelane/librelane:3.0.5,c4b8b4e5e7a05f375cca3815d51b3a37721fbf5c
