tag,corner,canary,can_sel,tclk_ns,phase,ring_edges,coverage_complete,highest_exercised_bit,unexercised_bits,status
nom_fast_1p32V_m40C_ro_gen_sel3_w0_t20_p0.05_dt10,nom_fast_1p32V_m40C,ro_gen,3,20.0,0.05,2190,False,11,12;13;14;15,ok_partial_coverage
nom_fast_1p32V_m40C_ro_gen_sel3_w0_t20_p0.35_dt10,nom_fast_1p32V_m40C,ro_gen,3,20.0,0.35,2190,False,11,12;13;14;15,ok_partial_coverage
nom_fast_1p32V_m40C_ro_gen_sel3_w0_t20_p0.65_dt10,nom_fast_1p32V_m40C,ro_gen,3,20.0,0.65,2190,False,11,12;13;14;15,ok_partial_coverage
nom_fast_1p32V_m40C_ro_mat_sel3_w0_t20_p0.05_dt10,nom_fast_1p32V_m40C,ro_mat,3,20.0,0.05,820,False,9,10;11;12;13;14;15,ok_partial_coverage
nom_fast_1p32V_m40C_ro_mat_sel3_w0_t20_p0.35_dt10,nom_fast_1p32V_m40C,ro_mat,3,20.0,0.35,820,False,9,10;11;12;13;14;15,ok_partial_coverage
nom_fast_1p32V_m40C_ro_mat_sel3_w0_t20_p0.65_dt10,nom_fast_1p32V_m40C,ro_mat,3,20.0,0.65,820,False,9,10;11;12;13;14;15,ok_partial_coverage
nom_slow_1p08V_125C_ro_gen_sel3_w0_t20_p0.05_dt10,nom_slow_1p08V_125C,ro_gen,3,20.0,0.05,925,False,9,10;11;12;13;14;15,ok_partial_coverage
nom_slow_1p08V_125C_ro_gen_sel3_w0_t20_p0.35_dt10,nom_slow_1p08V_125C,ro_gen,3,20.0,0.35,925,False,9,10;11;12;13;14;15,ok_partial_coverage
nom_slow_1p08V_125C_ro_gen_sel3_w0_t20_p0.65_dt10,nom_slow_1p08V_125C,ro_gen,3,20.0,0.65,925,False,9,10;11;12;13;14;15,ok_partial_coverage
nom_slow_1p08V_125C_ro_mat_sel3_w0_t100_p0.05_dt10,nom_slow_1p08V_125C,ro_mat,3,100.0,0.05,1730,False,10,11;12;13;14;15,ok_partial_coverage
nom_slow_1p08V_125C_ro_mat_sel3_w0_t20_p0.05_dt10,nom_slow_1p08V_125C,ro_mat,3,20.0,0.05,346,False,8,9;10;11;12;13;14;15,ok_partial_coverage
nom_slow_1p08V_125C_ro_mat_sel3_w0_t20_p0.35_dt10,nom_slow_1p08V_125C,ro_mat,3,20.0,0.35,346,False,8,9;10;11;12;13;14;15,ok_partial_coverage
nom_slow_1p08V_125C_ro_mat_sel3_w0_t20_p0.65_dt10,nom_slow_1p08V_125C,ro_mat,3,20.0,0.65,346,False,8,9;10;11;12;13;14;15,ok_partial_coverage
nom_typ_1p20V_25C_ro_gen_sel3_w0_t100_p0.05_dt10,nom_typ_1p20V_25C,ro_gen,3,100.0,0.05,7301,False,12,13;14;15,ok_partial_coverage
nom_typ_1p20V_25C_ro_gen_sel3_w0_t20_p0.05_dt10,nom_typ_1p20V_25C,ro_gen,3,20.0,0.05,1461,False,10,11;12;13;14;15,ok_partial_coverage
nom_typ_1p20V_25C_ro_gen_sel3_w0_t20_p0.35_dt10,nom_typ_1p20V_25C,ro_gen,3,20.0,0.35,1461,False,10,11;12;13;14;15,ok_partial_coverage
nom_typ_1p20V_25C_ro_gen_sel3_w0_t20_p0.65_dt10,nom_typ_1p20V_25C,ro_gen,3,20.0,0.65,1461,False,10,11;12;13;14;15,ok_partial_coverage
nom_typ_1p20V_25C_ro_mat_sel3_w0_t100_p0.05_dt10,nom_typ_1p20V_25C,ro_mat,3,100.0,0.05,2731,False,11,12;13;14;15,ok_partial_coverage
nom_typ_1p20V_25C_ro_mat_sel3_w0_t20_p0.05_dt10,nom_typ_1p20V_25C,ro_mat,3,20.0,0.05,547,False,9,10;11;12;13;14;15,ok_partial_coverage
nom_typ_1p20V_25C_ro_mat_sel3_w0_t20_p0.35_dt10,nom_typ_1p20V_25C,ro_mat,3,20.0,0.35,547,False,9,10;11;12;13;14;15,ok_partial_coverage
nom_typ_1p20V_25C_ro_mat_sel3_w0_t20_p0.65_dt10,nom_typ_1p20V_25C,ro_mat,3,20.0,0.65,547,False,9,10;11;12;13;14;15,ok_partial_coverage
nom_fast_1p32V_m40C_ro_gen_sel0_w0_t20_p0.25_dt10,nom_fast_1p32V_m40C,ro_gen,0,20.0,0.25,6250,False,12,13;14;15,ok_partial_coverage
nom_fast_1p32V_m40C_ro_gen_sel1_w0_t20_p0.25_dt10,nom_fast_1p32V_m40C,ro_gen,1,20.0,0.25,3846,False,11,12;13;14;15,ok_partial_coverage
nom_fast_1p32V_m40C_ro_gen_sel2_w0_t20_p0.25_dt10,nom_fast_1p32V_m40C,ro_gen,2,20.0,0.25,2766,False,11,12;13;14;15,ok_partial_coverage
nom_fast_1p32V_m40C_ro_mat_sel0_w0_t20_p0.25_dt10,nom_fast_1p32V_m40C,ro_mat,0,20.0,0.25,3483,False,11,12;13;14;15,ok_partial_coverage
nom_fast_1p32V_m40C_ro_mat_sel1_w0_t20_p0.25_dt10,nom_fast_1p32V_m40C,ro_mat,1,20.0,0.25,1659,False,10,11;12;13;14;15,ok_partial_coverage
nom_fast_1p32V_m40C_ro_mat_sel2_w0_t20_p0.25_dt10,nom_fast_1p32V_m40C,ro_mat,2,20.0,0.25,1090,False,10,11;12;13;14;15,ok_partial_coverage
nom_slow_1p08V_125C_ro_gen_sel0_w0_t20_p0.25_dt10,nom_slow_1p08V_125C,ro_gen,0,20.0,0.25,2627,False,11,12;13;14;15,ok_partial_coverage
nom_slow_1p08V_125C_ro_gen_sel1_w0_t20_p0.25_dt10,nom_slow_1p08V_125C,ro_gen,1,20.0,0.25,1621,False,10,11;12;13;14;15,ok_partial_coverage
nom_slow_1p08V_125C_ro_gen_sel2_w0_t20_p0.25_dt10,nom_slow_1p08V_125C,ro_gen,2,20.0,0.25,1168,False,10,11;12;13;14;15,ok_partial_coverage
nom_slow_1p08V_125C_ro_mat_sel0_w0_t20_p0.25_dt10,nom_slow_1p08V_125C,ro_mat,0,20.0,0.25,1460,False,10,11;12;13;14;15,ok_partial_coverage
nom_slow_1p08V_125C_ro_mat_sel1_w0_t20_p0.25_dt10,nom_slow_1p08V_125C,ro_mat,1,20.0,0.25,699,False,9,10;11;12;13;14;15,ok_partial_coverage
nom_slow_1p08V_125C_ro_mat_sel2_w0_t20_p0.25_dt10,nom_slow_1p08V_125C,ro_mat,2,20.0,0.25,460,False,8,9;10;11;12;13;14;15,ok_partial_coverage
nom_typ_1p20V_25C_ro_gen_sel0_w0_t20_p0.25_dt10,nom_typ_1p20V_25C,ro_gen,0,20.0,0.25,4161,False,12,13;14;15,ok_partial_coverage
nom_typ_1p20V_25C_ro_gen_sel1_w0_t20_p0.25_dt10,nom_typ_1p20V_25C,ro_gen,1,20.0,0.25,2563,False,11,12;13;14;15,ok_partial_coverage
nom_typ_1p20V_25C_ro_gen_sel2_w0_t20_p0.25_dt10,nom_typ_1p20V_25C,ro_gen,2,20.0,0.25,1845,False,10,11;12;13;14;15,ok_partial_coverage
nom_typ_1p20V_25C_ro_mat_sel0_w0_t20_p0.25_dt10,nom_typ_1p20V_25C,ro_mat,0,20.0,0.25,2313,False,11,12;13;14;15,ok_partial_coverage
nom_typ_1p20V_25C_ro_mat_sel1_w0_t20_p0.25_dt10,nom_typ_1p20V_25C,ro_mat,1,20.0,0.25,1105,False,10,11;12;13;14;15,ok_partial_coverage
nom_typ_1p20V_25C_ro_mat_sel2_w0_t20_p0.25_dt10,nom_typ_1p20V_25C,ro_mat,2,20.0,0.25,726,False,9,10;11;12;13;14;15,ok_partial_coverage
